id	timestamp	code_sha256	parameters	basis	precision	quotient	rigorous_status	wall_seconds	peak_memory_kb	notes
GREEN-V9-RLE9-STANDALONE-ADAPTER-REPAIRED-AUDIT	2026-09-03T14:11:00+02:00	ef26a71fee7ee60f1c3b9e6e0ea227649fe70c45ae5d8d47f5da8f597b4045c5	k=48;R<=9;Green-thin-adapter;74-pins;base4179;aggregator4762	Green-v9 standalone source replay adapter	static exact adapter tests;normal/-O isolated;no full replay	NA	PRE-CERTIFICATE ADAPTER AUDIT PASS;NO CERTIFICATE/QUOTIENT	0.108 normal;0.721 optimized	unknown	Report SHAd6dec172; independent test SHA057f61e4 passes6/6 both; production test72f4 passes3/3 both. Import read trace fully covered by74 pins including retained old assembler67c and nested live v8 producer36a8. Exact16-field Green audit schema rejects bool/float/range/reference/hash/rational/counter/flag mutations. Complete synthetic exact base certificate comparison passes; metadata/exact mutants fail; self/pin/certificate fail-fast precedes heavy stages.
GREEN-V9-RLE9-STANDALONE-ADAPTER-AUDIT-FAIL	2026-09-03T14:02:00+02:00	dace7747f0573134957c2f9a14a6c4cd957789d8538d46a5e86dddd3d52856ee	k=48;R<=9;thin-Green-adapter;73-final-pins	Green-v9 standalone replay adapter over frozen base4179	static/runtime read trace and malformed audit-wire counterexample	NA	PRE-CERTIFICATE AUDIT FAIL;NO FULL REPLAY/CERTIFICATE	under1	unknown	Failure report SHA717cb97f. Fresh import trace found sole repo read outside final PINS+self: required old fixed-v8 R<=9 assembler67c479, removed after bootstrap. adapt_b_audit accepts Boolean common_r=True, which inherited count1 equality accepts because True==1; it also lacks exact audit schema and no-reference/fixed-cache gates. Repair and fresh audit required; Green arithmetic/r9 result unaffected.
GREEN-V9-RLE9-ASSEMBLER-REPAIRED-HOSTILE-AUDIT	2026-09-03T13:56:00+02:00	4762573e5f699f2641bb0081f571a3c34f23b47d70386f49626f9af1eef2de29	k=48;total-large-count-R<=9;A-counts0..9;b-common-r0..9;r9-small-only;54-flat-pins	Green-v9 exact mixed shards over audited one-band base	Fraction exact wrapper algebra;recursive read tracing;normal/-O isolated	NA	PRE-CERTIFICATE ASSEMBLER AUDIT PASS;NO TARGET AGGREGATE/CERTIFICATE	0.590 normal;0.649 optimized	unknown	Repaired report SHAf4ca5a63; independent test SHAa657358d passes7/7 both; production3/3 both. Adds separately live-read fixed-v8 producer36a8 to flat closure; recursive Green-to-v8 checker read recorder found no repo read outside54 PINS. Exact R<=9 branch algebra, byte binding, count inventory, parser restoration, dependency TOCTOU and exclusive publication pass.
BV-D14-GRID38-CUTOFF-CROSS-R8-GREEN-V9-REPLAY	2026-09-03T13:53:00+02:00	ad38951dadecdb5a5c51d1221b0a078bc9f804e9c4ec8d434706fca55a11935a	k=48;delta=1/60;alpha1=103/400;alpha2=9500917/36000000;eta=8960917/36000000;common-r=8;Fscale=1e87;Hscale=1e38;referenceSHAffbeb7f3	strict exact D19 v2 inner crossed with naturally dilated D14 grid38 outer	cached fixed radial integers;Green-boundary fixed-denominator exact polygon moments;Fraction exact	NA	EXACT COMMON-r CROSS-ENGINE REPLAY PASS;CHECKER NORMAL/-O BYTE-IDENTICAL;NOT AN AGGREGATE QUOTIENT	523.222884	774244	Immutable Green result SHA16785c6ce6aec5c9f1a0338d9c7e5895151a27690a82c106d99549123df6f78c. Dedicated checker SHA7dbb3520 with fixed-v8 r8 reference SHAffbeb7f3 passed normal and -O/-B/-I distinct private caches; audit bytes identical SHA950f3899 and reference_exact_fields_bit_equal=true for exact scaled_b plus all theorem-relevant branch/kernel/family/geometry/candidate/scaling fields. Kernel9.981s,families94.808s,radial-and-Green418.266s; exact positive shard equals v8 (~9.627199691974900455e-35). Separate hostile result audit pending at ledger time.
BV-D14-GRID38-CUTOFF-CROSS-R7-GREEN-V9-REPLAY	2026-09-03T14:05:00+02:00	ad38951dadecdb5a5c51d1221b0a078bc9f804e9c4ec8d434706fca55a11935a	k=48;delta=1/60;alpha1=103/400;alpha2=9500917/36000000;eta=8960917/36000000;common-r=7;Fscale=1e87;Hscale=1e38;referenceSHA8636441a	strict exact D19 v2 inner crossed with naturally dilated D14 grid38 outer	cached fixed radial integers;Green-boundary fixed-denominator exact polygon moments;Fraction exact	NA	EXACT COMMON-r CROSS-ENGINE REPLAY PASS;CHECKER NORMAL/-O BYTE-IDENTICAL;NOT AN AGGREGATE QUOTIENT	589.914503	865900	Immutable Green result SHA0017a166241848c52aac82670acca64f046e7137f40a754939325189c48a075f. Dedicated checker SHA7dbb3520 with fixed-v8 r7 reference SHA8636441a passed normal and -O/-B/-I distinct private caches; audit bytes identical SHAddd7dcc7 and reference_exact_fields_bit_equal=true for exact scaled_b plus all theorem-relevant branch/kernel/family/geometry/candidate/scaling fields. Kernel8.217s,families86.774s,radial-and-Green494.762s; exact positive shard equals v8 (~3.906947768955346426e-33), numerator/denominator bits2372/2480. Separate hostile result audit pending at ledger time.
BV-D14-GRID38-CUTOFF-CROSS-R5-GREEN-V9	2026-09-03T14:18:00+02:00	ad38951dadecdb5a5c51d1221b0a078bc9f804e9c4ec8d434706fca55a11935a	k=48;delta=1/60;alpha1=103/400;alpha2=9500917/36000000;eta=8960917/36000000;common-r=5;Fscale=1e87;Hscale=1e38;reference=null	strict exact D19 v2 inner crossed with naturally dilated D14 grid38 outer	cached fixed radial integers;Green-boundary fixed-denominator exact polygon moments;Fraction exact	NA	EXACT COMMON-r SHARD PASS;CHECKER NORMAL/-O BYTE-IDENTICAL;NO SAME-r REFERENCE;NOT AN AGGREGATE QUOTIENT	702.083043	1021536	Immutable Green result SHAdce1830d13c076b0bed6a0bd2b5e2bba0591c86f9e78c2ecce1ca587bca85cda. Dedicated checker SHA7dbb3520 ran normal and -O/-B/-I in distinct private caches without a nonexistent reference; audit bytes identical SHA0ff0303c, reference fields exactly null, source closure/factor48 recombination/maxshift9 all passed. Kernel8.342s,families87.254s,radial-and-Green606.311s; exact positive shard ~5.262531203075235274e-31 with numerator/denominator bits2369/2470. Independent same-count cross-engine equality remains unavailable and is not claimed.
GREEN-V9-R9-CROSS-ENGINE-HOSTILE-RESULT-AUDIT	2026-09-03T13:49:00+02:00	0acdbce0b4fda10137ce7d07e96f9f1157fed5856701164d6d3222fc425e8303	k=48;common-r=9;H=5;GreenSHA=b6cb9eb5;v8refSHA=e9397f72	strict exact D19 v2 inner crossed with naturally dilated D14 grid38 outer	independent Fraction recombination and exact cross-engine field comparison;normal/-O isolated	NA	RESULT AUDIT PASS;SINGLE GREEN SHARD ONLY;NO AGGREGATE/CERTIFICATE	2.023 normal;2.116 optimized	unknown	Report SHAae7b284e. Green exact scalar and all mathematical/work fields equal audited fixed-v8 r9; independent 48*(sum high-sum low), H=5, six shifts,233384424 scalar products,31524 monomials,30 live source pins. Normal/-O audit SHA45705683 binds both byte hashes. Five target/reference mutations rejected and O_EXCL sentinel preserved.
GREEN-V9-RLE9-ASSEMBLER-HOSTILE-AUDIT-RETRACTED	2026-09-03T13:42:00+02:00	614d2212d057954a8aa226f0025f2e71e352ee5b0ede098aae400a66af33efa4	k=48;total-large-count-R<=9;A-counts0..9;b-common-r0..9;r9-small-only	Green-v9 exact mixed shards over audited one-band base	Fraction exact wrapper algebra;normal/-O isolated	NA	RETRACTED AUDIT VERDICT;TRANSITIVE SOURCE-CLOSURE OMISSION;NO CERTIFICATE	0.623 normal;1.113 optimized	unknown	Former report SHA5291a600 is superseded; current retained retraction file SHAe9167ab4. The 53-pin snapshot omitted fixed-v8 producer36a8 even though nested V8.audit live-read it outside V8.SOURCE_HASHES. Repaired snapshot4762573e has a separate fresh audit; no mathematics or target shard was invalidated by this closure-only defect.
FIXED-POLYGON-V8-R7-HOSTILE-RESULT-AUDIT	2026-09-03T13:36:00+02:00	29356873ea293cb2a639230781772696bf2400090ed748b0bbdda0f373dec988	k=48;common-r=7;H=7;all-four-branches;resultSHA8636441a	strict exact D19 v2 inner crossed with naturally dilated D14 grid38 outer	independent Fraction recombination;normal/-O isolated	NA	RESULT AUDIT PASS;SINGLE SHARD ONLY;NO AGGREGATE OR CERTIFICATE	2.277 normal;2.210 optimized	unknown	Report SHA2383a1f4. Independently parsed canonical branch rationals and verified exactly 48*(sum high-sum low)=scaled_b_shard>0; numerator/denominator bits2372/2480; 317128584 scalar products;42032 surviving monomials; H=14-r=7; 29 live source pins. Fresh normal/-O checker outputs byte-identical SHA951414e9. Five mutations rejected, existing output preserved by O_EXCL, and result/start/end byte hash remained SHA8636441a.
GREEN-POLYGON-V9-REPAIRED-INDEPENDENT-STATIC-AUDIT	2026-09-03T13:31:13+02:00	5fb4529579f701390827cfd20d5d045e46debc683510015dd6d54b403f0fcd36	core019fecc0;runnerad38951d;checker7dbb3520;804 target rows;438 unique;711 nonempty	Green boundary polygon moment backend and recursively pinned D19/D14 cross runner	Fraction exact closed forms,integer denominator divisibility,normal/-O isolated	NA	INDEPENDENT STATIC/CROSS AUDIT PASS;NO GREEN SHARD OR QUOTIENT	0.88 normal;0.72 optimized	36636	Audit result SHA766178a9. Independent tests5/5 both modes; production core3/3 both; checker mutation4/4 both. Regressions reject zero-area noncollinear and positive-area same-turn nonconvex walks; all711 nonempty target polygons pass independent global half-plane checks. Runtime RADIAL substitution/source closure and exact five-field checker normalization pass. Result-level Green-v9 equality to v8 remains pending a published same-count Green shard.
BV-D14-GRID38-CUTOFF-CROSS-R6-FIXED-POLYGON-V8	2026-09-03T13:44:25+02:00	36a8e027c83cabb272aa28a5d542dc571793cbcf90c5ca48787bc20092a55b72	k=48;delta=1/60;alpha1=103/400;alpha2=9500917/36000000;eta=8960917/36000000;common-r=6;Fscale=1e87;Hscale=1e38	strict exact D19 v2 inner crossed with naturally dilated D14 grid38 outer	cached fixed-denominator radial integers;fixed-polygon exact moments;Fraction exact	NA	EXACT COMMON-r SHARD PASS;RESULT CHECKER PASS NORMAL/-O;NO AGGREGATE OR QUOTIENT	1191.827632 internal;1192.27 wall	943040	Artifact SHAe56d9c18; exact scaled b=6.6136396198648017441295588481990899157869612198766539733846611113741489527743321e-32 and unscaled b=e-157. Kernel8.623s;families89.414s;cached radial129.641s;fixed-polygon integration963.238s. Checker SHAec0162 bound input and recombined exactly; normal/-O audit outputs byte-identical SHA12494aa1. Producer and audits used -B/-I and empty private caches; no swaps. Frozen same-r reference for Green-v9 replay.
BV-D14-GRID38-CUTOFF-CROSS-R6-GREEN-V9	2026-09-03T13:56:34+02:00	ad38951dadecdb5a5c51d1221b0a078bc9f804e9c4ec8d434706fca55a11935a	k=48;delta=1/60;alpha1=103/400;alpha2=9500917/36000000;eta=8960917/36000000;common-r=6;Fscale=1e87;Hscale=1e38	strict exact D19 v2 inner crossed with naturally dilated D14 grid38 outer	cached fixed-denominator radial integers;Green-boundary exact polygon moments;Fraction exact	NA	EXACT COMMON-r SHARD PASS;GREEN CHECKER NORMAL/-O;EXACT V8 REFERENCE EQUALITY;NO AGGREGATE	635.639688 internal;636.08 wall	949104	Artifact SHA7978316f; scaled b=6.6136396198648017441295588481990899157869612198766539733846611113741489527743321e-32 exactly equals frozen v8 r6 SHAe56d9c18. Kernel10.126s;families88.831s;radial126.401s;Green contraction409.326s. Checker7dbb normal/-O --reference outputs byte-identical SHA285d2b1e; exact fields bit-equal, recombination/source/denominator/cache all PASS. Private caches empty; no swaps.
BV-D14-GRID38-CUTOFF-CROSS-R4-GREEN-V9	2026-09-03T14:11:27+02:00	ad38951dadecdb5a5c51d1221b0a078bc9f804e9c4ec8d434706fca55a11935a	k=48;delta=1/60;alpha1=103/400;alpha2=9500917/36000000;eta=8960917/36000000;common-r=4;Fscale=1e87;Hscale=1e38	strict exact D19 v2 inner crossed with naturally dilated D14 grid38 outer	cached fixed-denominator radial integers;Green-boundary exact polygon moments;Fraction exact	NA	EXACT COMMON-r SHARD PASS;GREEN CHECKER NORMAL/-O;NO AGGREGATE OR QUOTIENT	786.783765 internal;787.25 wall	1097172	Artifact SHA335687b0; scaled b=2.0933260617760949744753377912506662024634153809469135854127544624288457386673011e-30 and unscaled b=e-155. Kernel9.951s;families91.806s;radial157.743s;Green contraction526.302s. Checker7dbb normal/-O outputs byte-identical SHA5d476be6; exact recombination/source/denominator/cache all PASS. Private caches empty; no swaps.
BV-D19-D14-GRID38-ONE-BAND-B-R0-FAST-V2	2026-09-03T09:35:00+02:00	4613b0fb117bf58c732e9bdeb22fa9d847a1152cc1bcac3b8b92f584231709d3	k=48;common-r=0;Fscale=1e87;Hscale=1e38;eta=8960917/36000000	strict D19 inner crossed with naturally-dilated D14-grid38 outer	Fraction exact integer radialization and collected-affine integration	NA	EXACT b SHARD PASS;INDEPENDENT STRUCTURAL RESULT AUDIT PASS;NO AGGREGATE	543.726	537396	Artifact SHA6594f8a5; structural checker SHA43a46b6a passes normal/-O. Exact 48*(sum high-sum low) recombination; all four branches present; family/radial denominator bits515/487, combined1002; value positive. No v1 target replay because v1 hit its 25-minute throughput cap.
D14-GRID38-ONE-BAND-A-V2-PRE-CERTIFICATE-AUDIT	2026-09-03T09:31:00+02:00	fe90ab3b6810fec5a0d7d8299bb74bd271307b21cd1b3387d5fee48e13bd792e	k=48;producerSHA2e91dbd8;testsSHA4d5402a8;alphaFloors=15,15	naturally-dilated 195-label D14 grid38 polynomial	independent literal k2 polygon oracle plus target radial-checker prepare gate	NA	PRE-CERTIFICATE AUDIT PASS;TARGET RADIAL VALUES PENDING	3.739 hostile normal;4.649 hostile -O	27600 target prepare	Hostile test SHA6621aa41 checks64 basis pairs,16 random vectors/geometries,r0/top,cap multiplicities,alpha dependence and reuse guards. Independent target checker SHA105a0136 reconstructs508 orbit/3034 residual square terms without importing A producer; heavy comparison paused under two-lane memory guard.
CROSS-FAST-TAGGED-V2-PRE-CERTIFICATE-AUDIT	2026-09-03T09:17:00+02:00	6d7326c63e4870f97034eb53e2b1e0a124af5f340d5e05f2eea7540296da71de	k=48;runnerSHA4613b0fb;backendSHA5d9d82ae;inheritedV1SHAd3aa9c17	D19-grid87 inner crossed with naturally-dilated D14-grid38 one-band direction	Fraction exact common-denominator integer radialization and independent literal-polygon tests	NA	PRE-CERTIFICATE AUDIT PASS;NO TARGET SHARD OR THEOREM CLAIM	7.644 hostile normal;7.527 hostile -O	lightweight	Hostile test SHA4be6e1ee passes4/4 both modes: all64 basis pairs,16 random coefficient/geometry cases, coefficientwise family/radial denominator restoration, affine shifts, zero faces, and closed-form k1. Final target-output audit remains mandatory.
CROSS-SYMMETRIC-CUTOFF-V1-PRE-CERTIFICATE-AUDIT	2026-09-03T09:09:00+02:00	ebcd39d0d2fa711cc0622b87ba8d5b90c82293297b6e2ae1be5126c1d85affcb	k=48;runnerSHAdeceb6c6;engineSHAd3aa9c17;eta=8960917/36000000	D19-grid87 inner crossed with naturally-dilated D14-grid38 one-band direction	Fraction exact recurrence plus independent named-monomial rational-polygon Green oracle	NA	PRE-CERTIFICATE AUDIT PASS;NO TARGET SHARD OR THEOREM CLAIM	19.178 hostile normal;17.777 hostile -O	lightweight	Hostile test SHAb4e17d1b passes7/7 both modes:64 basis pairs,16 random combinations,12 random geometries,all four branches,r0/top,I strata,target scales/dilation,and k4 orbit products. Result-level audit remains mandatory.
D14-GRID38-ONE-BAND-A-R6-PAIRED-V2	2026-09-03T09:05:18+02:00	2e91dbd8bcb8d0bfd102f964236d3a7d60d974bfecedab96a4a19a1124e81c2d	k=48;count=6;alpha1=103/400;alpha2=9500917/36000000;delta=1/60;scale=10^38	naturally-dilated 195-label D14 grid38 polynomial	Fraction exact paired high/low grouped integration	NA	EXACT A SHARD PASS;MATCHES SEPARATE V1 BIT-FOR-BIT;NO FINAL INEQUALITY	266.451	89440	Artifact SHA46132be3. Exact scaled band A6=1.5760446813246890208618525619e-69; high,low,band and all volume values match separate-pass benchmark; tests SHA4d5402a8 3/3 normal/-O. Remaining counts running.
D14-GRID38-ONE-BAND-A-R6-SCALE-CHECK	2026-09-03T09:00:21+02:00	6fa3c7c99735ec9eeb5817413e4dfc77dc6ae57e1cef26c720f54f33eb93896e	k=48;count=6;alpha1=103/400;alpha2=9500917/36000000;delta=1/60;scale=10^38	naturally-dilated 195-label D14 grid38 polynomial	Fraction exact separate high/low passes	NA	EXACT SCALING CROSS-CHECK;SCALED A6=10^76*UNSCALED A6	535.843 scaled;517.461 unscaled	89420 scaled;89008 unscaled	Scaled artifact SHAb2009bbe; unscaled artifact SHA5033ad61. The rational ratio is exactly one after division by10^76; this is a benchmark/cross-check, not the aggregate A.
BV-AQUARTER-D20-FULL-MATRIX-CACHE-COMPLETE	2026-09-03T08:47:00+02:00	f660a30d8dd83f13459e0412ded1e28c7ec0864abb41ad04a396475a7905e1d4	k=48;alpha=103/400;eta=97/400;delta=7/250;D20dim707;cacheSHA79fe10b3	complete canonical graded-even B20 basis	Fraction recurrence with source-bound SQLite search cache	NA	EXACT SEARCH CACHE COMPLETE;NOT A CERTIFICATE;POST-BUILD SOLVE INTERRUPTED	NA	high;about1GiB released	All 707 rows completed with111156 prior hits and139122 new misses, exactly250278 upper-triangle entries; SQLite integrity_check=ok. Process stopped after commit to free memory for theorem-facing exact A,b; no D20 vector or quotient is claimed.
BV-AQUARTER-D19-DIRECT-V2-INDEPENDENT-AUDIT	2026-09-03T08:34:00+02:00	6a4623ec256f467b771e207820016cdf62fe9e09f22c6a56518c6bcc4118001f	k=48;checkerSHAff2046ce;candidateSHA98656357;resultSHA8b0d47b2	complete canonical graded-even B19 rational vector	independent Fraction scan-free recurrence plus hostile wire validation	.9867930836956087556586707101860344621	AUDIT PASS FOR EXACT PARTICULAR INNER VECTOR;NO CAP/THEOREM	fresh normal and -O full replays	moderate	Both modes reproduce result byte-for-byte; separate contraction matches exact forms; complete 568-label basis and single factor48 checked; ten additional malformed records rejected.
BV-D14-FINE-COMMON-GRID-SELECTION	2026-09-03T08:35:00+02:00	83dfdd7d88ee7f2f2a4dfbf492af693b9ae99c2bfaf983816c0fdcdec3229a57	k=48;D14;grid=1e-38;fineGridResultSHA72208259;cappedScreenSHA6c2349a1	195-label natural D14 polynomial	Fraction exact full-simplex replay plus common-random-number capped screen	.97520592389044602 full-simplex	EXACT RATIONALIZATION PASS;CAPPED PROJECTION HEURISTIC;SELECTED FOR EXACT A,b	5.20 exact grid family;16.17 capped screen	95328 capped screen	Exact full-simplex quotient change1.8761e-21; capped projection .0223828988031081 versus original .0223828988031047; CRN difference2.29e-15+/-1.78e-15; proposal-weighted relative L2 change1.97e-12.
BV-AQUARTER-D19-DIRECT-CACHEFREE-CHECK	2026-09-03T07:47:00+02:00	63bd2a3adc84191d212d52d3175179f583a1257d7c862f1ee07ecaa2ade3b7d3	k=48;alpha=103/400;eta=97/400;deltaSource=7/250;deltaTarget=1/60;candidateSHA98656357	complete canonical graded-even B19 rational vector	Fraction direct square/marginal reconstruction	.9867930836956087556586707101860344621	INDEPENDENT EXACT PARTICULAR INNER VECTOR PASS;CACHE-FREE;HOSTILE AUDIT PENDING;NO CAP/THEOREM	43.53 normal;51.44 -O	78192 normal;82724 -O	Result SHAa71b9bac byte-identical normal/-O; tests SHAa8d5dd13 4/4 each mode. Rebuilt13955 square and13955 marginal-square orbit terms and proved normalized deficit=.013206916304391244341329....
BV-AQUARTER-D19-DIRECT-CACHEFREE-CHECK-V2	2026-09-03T08:17:00+02:00	ff2046ce180394a6328fdec2c112d575a4c540ff964f5dede28c6db6091506c5	k=48;alpha=103/400;eta=97/400;deltaSource=7/250;deltaTarget=1/60;candidateSHA98656357;v1SHA63bd2a3a	complete canonical graded-even B19 rational vector	Fraction direct reconstruction plus strict canonical wire validation	.9867930836956087556586707101860344621	EXACT PARTICULAR INNER VECTOR PASS;CACHE-FREE;NORMAL/-O BYTE-IDENTICAL;HOSTILE V2 AUDIT PENDING;NO CAP/THEOREM	47.35 normal;50.42 -O	77936 normal;83592 -O	Result SHA8b0d47b2; tests SHA5f03f8cd 7/7 each mode. Supersedes v1 as the checker entry point after a hostile float-exponent coercion counterexample; v2 rejects noninteger basis fields and noncanonical rational strings before invoking the pinned v1 recurrence.
BV-D19-SORTED-REMOVAL-ONE-BAND-H2-SEED2361817	2026-09-03T07:50:00+02:00	e1e06fbbc5c79d4708e9adf6911873798bf04368449609a407b41f05cb80bd68	k=48;D19exactInner;sortedRemovalOneBand;seed2361817;8chains	D19 exact inner Riesz representer on verified one-band cap	longdouble target-density MCMC using exact-normalized D18 proposal	NA	HEURISTIC CALIBRATED;I(Gcap)/I(F)=.03736548334+-.00054960371;NOT CERTIFICATE	51.16	309692	Result SHA496af994; exact cache-free inner deficit=.0132069163044 and lower-2SE energy=.0362663. Strong provisional positive, but empirical errors are not rigorous and a second seed/exact finite projection are mandatory.
BV-D19-NATURAL-PROJECTION-SEED2361817	2026-09-03T08:03:00+02:00	132992f8c25ec52228a9bab407d4464cb614917dad43eb3eff6fb9eda7d82ef5	k=48;D19exactInner;sortedRemovalOneBand;seed2361817;8chains;burn4000;draws6000	natural dilated D19 polynomial restricted to the exact one-band cap	longdouble common-random-number MCMC;cache-free exact inner forms	.03680472098325656	HEURISTIC CALIBRATED PROJECTION;NOT AN ERROR BOUND;EXACT A,b NOT STARTED	55.7683	309720	Result SHAbdf356b7; A/I=.1366262352+-.0015536650 and b/I=.0709118500+-.0009112439, with b=48J(F,H). Exact sufficient threshold is .0132069163043912443; sampled excess .02359780468. Natural D18 comparator=.03547557149+-.00055436923.
BV-D19-NATURAL-PROJECTION-SEED2361818	2026-09-03T08:05:00+02:00	132992f8c25ec52228a9bab407d4464cb614917dad43eb3eff6fb9eda7d82ef5	k=48;D19exactInner;sortedRemovalOneBand;seed2361818;8chains;burn4000;draws6000	natural dilated D19 polynomial restricted to the exact one-band cap	longdouble common-random-number MCMC;cache-free exact inner forms	.036295205841886724	HEURISTIC CALIBRATED PROJECTION;NOT AN ERROR BOUND;INDEPENDENT FROZEN-RUN CHECK PASS	51.0588	309928	Result SHA69fb8bb1; A/I=.1358139571+-.0013335286 and b/I=.0702096541+-.0008084798. Exact threshold .0132069163043912443; sampled excess .02308828954. Source tests SHA2150bd54 4/4 normal/-O; independent run-summary checker SHA79c85f65 and checked summary SHAfbffe031.
SORTED-REMOVAL-TRUNCATED-ONE-BAND-V3-HOSTILE-AUDIT	2026-09-03T08:09:00+02:00	b4e889ab47690fb8619342267e4259dab5b31882ef5a25b9015957d4e210394b	k=48;supportResultSHAc9be4426;completeIIbOracle;completeIIcReconstruction	frozen sorted-removal single-band analytic tuple	independent Fraction reconstruction;normal/-O/canonical byte-identical	NA	SCOPED AUDIT PASS FOR FROZEN TUPLE;GENERIC PRODUCER COMPLETENESS DEFECT RECORDED;NO QUOTIENT	NA	lightweight	Audit result SHAfea750c7 and report SHA652f1b16. Independent oracle checked24226 IIb affine-root probes versus producer19182; the omitted2522 ordinary-prefix roots do not change any frozen minimum or produce a counterexample. Rebuilt all43008 IIc cells and direct-HB-to-Proposition1 interface; only common plus/minus1e-7 translation is certified.
BV-AQUARTER-D19-KRYLOV20-WARM	2026-09-03T07:41:00+02:00	6dc0857cc40b5b47bfe65bfd7ccf50d98891df0251cf52f6adee56549cbf5993	k=48;alpha=103/400;eta=97/400;delta=7/250;canonicalD19dim568;snapshotSHA334465ac	complete graded-even B19;warm exact D18 seed	Decimal160 A-orthogonal Krylov20;75-significant-digit Fraction contraction	.9867930836956087556586707101860344621	EXACT PARTICULAR VECTOR CONDITIONAL ON CACHE;DIRECT RECONSTRUCTION RUNNING;NO CAP/THEOREM	NA	moderate	Artifact SHA98656357; 161596 cache hits/0 misses, matrix SHA0f7b0ac3. Normalized inner deficit=.01320691630439124434, about.000510 below current D18 one-band H2 mean, but the bridge must be recomputed for this D19 vector.
BV-D20-PREFIX482-KRYLOV12-WARM	2026-09-03T07:38:00+02:00	6dc0857cc40b5b47bfe65bfd7ccf50d98891df0251cf52f6adee56549cbf5993	k=48;canonicalB20prefix482;snapshotSHA34ed92d9	complete D18 plus first11 D19 labels	Decimal140 A-orthogonal Krylov12;65-significant-digit Fraction contraction	.9853882063417839775550077281964012225	EXACT PARTICULAR VECTOR CONDITIONAL ON CACHE;NO CAP/THEOREM	NA	moderate	Artifact SHA162cb8eb; monotone Ritz trace and 116403 cache hits/0 misses. Superseded numerically by the complete-B19 run but retained as solver regression.
SORTED-REMOVAL-ONE-BAND-D18-H2-SEED2361818	2026-09-03T07:38:00+02:00	1e15d2a568c497586389ec7b3dd7e336f05e9a2d0b3583345194a13221ee55e0	k=48;delta=1/60;A2=9230917/36000000;oneBandActive0..12;8chains;burn4000	refined D18 one-band Riesz representer	longdouble target-density MCMC anchored to exact Fraction cross	NA	HEURISTIC CALIBRATED;I(Gcap)/I(F)=.0136784687+-.000108705;NOT CERTIFICATE	50.08	307644	Result SHA9692feb0; all mixing/radial/cross gates pass. Two-seed inverse-variance display=.0137165836268+-.000082223596, below exact D18 deficit by.000932575523. Numerical SE is empirical, not rigorous.
SORTED-REMOVAL-ONE-BAND-D18-H2-SEED2361817	2026-09-03T07:37:00+02:00	1e15d2a568c497586389ec7b3dd7e336f05e9a2d0b3583345194a13221ee55e0	k=48;delta=1/60;A2=9230917/36000000;oneBandActive0..12;8chains;burn4000	refined D18 one-band Riesz representer	longdouble target-density MCMC anchored to exact Fraction cross	NA	HEURISTIC CALIBRATED;I(Gcap)/I(F)=.0137675487+-.000125701;NOT CERTIFICATE	54.39	307644	Result SHAd3936a66; all mixing/radial/cross gates pass. Exact one-band threshold is .0146491591498227584 and no target exact integral was launched.
SORTED-REMOVAL-TRUNCATED-ONE-BAND-EXACT-V3	2026-09-03T07:31:00+02:00	fff280573fa1bf539fe8fcba72270aa088c6d35255f39da24d7fb77fce5a75d5	k=48;delta=1/60;A2=9230917/36000000;alpha2=9500917/36000000;etaOuter=8960917/36000000;outerActive0..12	inner simplex plus one sorted-removal outer count schedule	Fraction exact source and continuum packing checks	NA	EXACT DISCOVERER ANALYTIC PASS;HOSTILE AUDIT PENDING;NO QUOTIENT	NA	lightweight	Result SHAc9be4426; tests SHA9b0e1409 5/5 normal/-O; root replay byte-identical. Inventories582 main,168 near,1500 fixed,19182 IIb records,43008 IIc cells; least IIc margin71/66000000. Single outer band preserves the valid one-band Riesz route.
ADAPTIVE-D18-H2-TWO-BAND-FINAL-SEED2361818	2026-09-03T07:01:37+02:00	2d262e1ea4a1ea20f42ea03cb8c8bc6405ae75b8f94cc1db668dfeb0797dfe1b	k=48;delta=1/60;verifiedTwoBand;8chains;burn4000	refined D18 capped Riesz diagnostic split lower/upper	longdouble target-density MCMC anchored to exact Fraction cross	NA	HEURISTIC CALIBRATED;totalEnergy/I=.0136261981+-.000120210;lower=.0125032129;upper=.00112298519;NOT CERTIFICATE	54.36	308888	Result SHA4b7cfb8d; all chains visit both bands; ratio/R2 Rhat<=1.00285; exact-cross relative error .000368. Summing bands is diagnostic only because multiband Definition-5 J is not PSD.
ADAPTIVE-D18-H2-TWO-BAND-FINAL-SEED2361817	2026-09-03T07:00:31+02:00	2d262e1ea4a1ea20f42ea03cb8c8bc6405ae75b8f94cc1db668dfeb0797dfe1b	k=48;delta=1/60;verifiedTwoBand;8chains;burn4000	refined D18 capped Riesz diagnostic split lower/upper	longdouble target-density MCMC anchored to exact Fraction cross	NA	HEURISTIC CALIBRATED;totalEnergy/I=.0135229961+-.000144402;lower=.0124186123;upper=.00110438378;NOT CERTIFICATE	61.56	308892	Result SHA77f1975a; all chains visit both bands; ratio/R2 Rhat<=1.00285; exact-cross relative error .00550. Naive two-seed total combination=.0135839541+-.0000923872, 11.5 SE below D18 threshold.
RIESZ-MULTIBAND-PSD-INFERENCE-REJECTED	2026-09-03T07:18:00+02:00	NA	Definition5;two cutoffs eta1<eta2	abstract two-band marginal kernel	exact 2x2 determinant/eigen-sign check	NA	EXACT LOGICAL COUNTERCHECK;SUMMED BAND ENERGIES NOT SUFFICIENT	NA	lightweight	For eta1<s<=eta2 the cutoff kernel is [[0,1],[1,1]], determinant -1 and q(1,-1)=-1. Single-band Riesz lemma remains viable; combined bands require exact outer J or a special sign proof.
BV-D20-LIMIT482-FIXED-D18-RITZ	2026-09-03T07:09:00+02:00	02471a6e151c117e327034d835d75fb2b0421afe6dc3f2b6ea5fa4296bf20f82	k=48;canonicalB20prefix482;D18vectorFixed;11newCoordinates	span of frozen exact D18 vector plus first11 degree19 labels	Decimal300/2000 then150-significant-digit exact Fraction contraction	.9853508408501772415568788725764991047	EXACT CONDITIONAL ON CACHE;NOT INDEPENDENT;NO CAP/THEOREM	7.325	lightweight	Artifact SHA212ce8e5; exact gain over D18 is only9.453777756e-22, showing raw new coordinates require reoptimization of the old D18 coefficients.
BV-D20-LIMIT482-UNSEEDED-POWER-FAIL	2026-09-03T07:08:00+02:00	f660a30d8dd83f13459e0412ded1e28c7ec0864abb41ad04a396475a7905e1d4	k=48;canonicalB20prefix482;snapshotSHA34ed92d9	graded-even B20 prefix	Decimal100/80 discovery plus forbidden limit_denominator	.2527355796243316	FAILED VECTOR RATIONALIZATION AND NONCONVERGED DISCOVERY;PRESERVED NEGATIVE CONTROL	NA	moderate	Artifact SHAdd12464d; Decimal iterate reports .9829283289 below contained D18 value, float root is spurious123832.7, and exact low-denominator vector collapses to .2527. Never use as D20 evidence; warm-start/common-grid refinement required.
BV-AQUARTER-D20-FULL-BUILD-LAUNCHED	2026-09-03T06:53:00+02:00	f660a30d8dd83f13459e0412ded1e28c7ec0864abb41ad04a396475a7905e1d4	k=48;alpha=103/400;eta=97/400;delta=7/250;D20dim707;cacheStartSHAda60a72d	graded-even B20;236 labels beyond completed B18	Fraction exact moments then Decimal100/80-iteration discovery	NA	RUNNING SOURCE-BOUND MATRIX BUILD;NO D20 QUOTIENT YET	NA	projected below 1GiB	Full build authorized after calibrated capped-D18 Riesz shortfall fell to about .0011; output path aquarter_fullsimplex_k48_B20_current.json. Generated vector will be discovery only and needs high-precision refinement plus cache-free exact checking.
ADAPTIVE-D18-H2-BRIDGE-SEED2361818	2026-09-03T06:45:00+02:00	bffec107b25dbe38275675ccd5d16cbd64d7e6af2b0c64fb49af699900270cfe	k=48;delta=1/60;alpha2=237991/900000;eta2=224491/900000;8chains;burn1000;3000draws	refined inner D18 Riesz representer;target density natural-outer-D18 squared	longdouble/target-density MCMC anchored to exact Fraction cross	NA	HEURISTIC CALIBRATED;cap norm/I=.0132086697391+-.0003425476273;not a certificate	13.278	173512	Result SHA978c68b1; retention=.838715+-.014099; exact-cross relative error .00813 and mixing gate pass. Earlier direct-iid estimate differs by 36.75 SE and is withdrawn.
ADAPTIVE-D18-H2-BRIDGE-SEED2361817	2026-09-03T06:44:00+02:00	bffec107b25dbe38275675ccd5d16cbd64d7e6af2b0c64fb49af699900270cfe	k=48;delta=1/60;alpha2=237991/900000;eta2=224491/900000;8chains;burn1000;3000draws	refined inner D18 Riesz representer;target density natural-outer-D18 squared	longdouble/target-density MCMC anchored to exact Fraction cross	NA	HEURISTIC CALIBRATED;cap norm/I=.0135612628447+-.0004246643968;not a certificate	13.354	173624	Result SHA0fde7c80; retention=.845596+-.012442; exact-cross relative error .00419 and mixing gate pass. Sufficient threshold is exact .0146491591498; shortfall of means .00108789630508.
ADAPTIVE-TWO-OUTER-BAND-EXACT-V1	2026-09-03T06:43:00+02:00	187a87f6c29532645100d9a91b94ce8038c38511dfff22326efe9722ea0f8001	k=48;delta=1/60;split=9/10 outer width;lowerA=256241/1e6;upperA=231241/900000	inner plus lower/upper count schedules;active0..11 each	Fraction exact continuum endpoint/prefix checks	NA	EXACT DISCOVERER ANALYTIC PASS;INDEPENDENT AUDIT PENDING;NO QUOTIENT	NA	lightweight	Result SHAc74da6b5; tests SHA57b3ced2 6/6 normal/-O. Checks1908 ordered pairs,3816 IIa/III,1726 IIb crossings,146432 IIc cells. Lower B4..B7 gains .001326,.003245,.003165,.003374; B3 tradeoff -.000865.
ADAPTIVE-D1OVER60-UNCAPPED-D18-PENCIL-EXACT	2026-09-03T06:34:12+02:00	8e33e6f84b5b952f81b41114c713076bb2a03b8327f6472aa4f1f7872e577e2a	k=48;alpha1=103/400;eta1=97/400;alpha2=237991/900000;eta2=224491/900000;delta=1/60	refined D18 inner plus natural dilated D18 complete outer shell	Fraction exact orbit and marginal contraction	1.00161370539005579	EXACT UNAPPROVED RELAXATION;analytic_support_approved=false;never implies H1<=236	633.032	lightweight	Artifact SHA3bfaafb5. Exact projection/I=.0157186769470348646, deficit/I=.0146491591498227585, projection/deficit=1.073008818204084; positive exact raw margin but no capped support.
ADAPTIVE-D1OVER60-SUPPORT-EXACT-V1	2026-09-03T06:28:37+02:00	b8abaa8fec6f992c1071b4e550e666946444ff7c559b850960dc633836ce2c6d	k=48;delta=1/60;A=-3/400,1/4,231241/900000;outerActive0..11	nonuniform outer count schedule ending189137/1e6	Fraction exact source and continuum packing checks	NA	EXACT DISCOVERER ANALYTIC PASS;HOSTILE AUDIT PENDING;NO QUOTIENT	25 tests	lightweight	Result SHAb7070c26; 7/7 normal/-O. Inventories668 ordered pairs,1336 IIa/III,767 IIb crossings,36608 IIc cells; all reserves positive. Specialized direct-HB bypass remains audit-critical.
ADAPTIVE-D18-DIRECT-IID-CAP-SCREEN-FALSIFIED	2026-09-03T06:29:14+02:00	d134832dbce0215e2e7b6d1fa70d71c4e855f7fdc1625b6a906182beef5f697e	k=48;delta=1/60;two seeds;constant-weight upper-simplex proposal	refined inner D18 exact-antiderivative Riesz coordinate	longdouble iid importance;D0 volume calibration	NA	FALSIFIED AS HIGH-DEGREE PROPOSAL MISS;NOT AN UPPER BOUND	37.48,37.58	about60000	Results SHA11af6678/2f59f12e gave .000533/.000364 but exact-normalized h2 bridge disagrees by27.3/36.8 SE while passing exact cross calibration. Preserve as failure data only.
ADAPTIVE-MULTIBAND-B2-HEURISTIC	2026-09-03T06:16:19+02:00	8094c78b29685bac997e3a8f6a34b6e8dae30a66417c7a99c0667aca12d20959	k=48;delta=1/60;2bands;one coordinate round	jointly cross-compatible band schedules	binary64 support/volume search	NA	HEURISTIC ONLY;NO ANALYTIC OR QUOTIENT CLAIM	21.75	lightweight	Artifact SHA29427e23; all sampled/float pair screens pass but raw-volume ratio only1.00000966255 and is not a rigorous objective. Superseded analytically by the exact targeted two-band candidate.
WIDE-C722-ACTIVE25-D16-STAGED-V6-PRELAUNCH-PASS	2026-09-03T04:46:00+02:00	cfc4c3803312d5e41d87c27a753cd843da9534e85ea5e73d77079bf9ce8e284e	k=48;active25;26 common-r shards;fresh no-resume attempt;one worker	fixed radial D16 inner plus26 count-tagged shell constants	independent static/dynamic workflow reconstruction;14 producer+9 assembler tests each mode	NA	PRELAUNCH PASS ONLY;ZERO TARGET INTEGRATIONS;ARITHMETIC REMAINS CONDITIONAL	NA	lightweight	Frozen tuple producer/tests/assembler/tests/gate/spec SHAs cfc4c380/c5e45fe4/4b834f1a/e6ad2423/7b37c89d/ed9fd5aa. Independent checker/result/report c88bb29f/c6eaa5b4/fa3d6654, normal/-O byte-identical; preflight SHAbe576a37. Authorizes at most one separately root-bound fresh attempt. attempt_001 began later; no result recorded in this row.
WIDE-C722-ACTIVE25-CAP-SLACK-D16-CROSS-PILOT-V2	2026-09-03T04:48:00+02:00	cd20a85e51d623476b5433626ec4ce35d242e8a00a5f706db1af05509b59d913	k=48;active0..25;D0 all counts;D1,D2 counts9..14;26 common-r shards	fixed radial D16 crossed with38 normalized count-cap-slack coordinates	Fraction formula/kernel;exact D2 denominator ranking;cost-only preflight	NA	DISABLED IMPLEMENTATION PLAN;NO TARGET CROSS/QUOTIENT;4/4 NORMAL/-O;INDEPENDENT AUDIT PENDING	light preflight only	light	Artifact SHA3a07078c; tests/spec SHAs8f16fdc5/ce965d90; pins immutable v1. Exact ranking top6=R12,11,13,10,9,14 and selected share>19/20. Cross inventory13888 terms versus full-D2 27280/natural-B4 93600. Conservative projection5454.75s under256MiB; launch disabled pending r10h10 <=20s gate and external audit.
WIDE-C722-ACTIVE25-B4-J-CROSS-DISABLED-PLAN-V1	2026-09-03T04:43:55+02:00	00eb639b2c4ad954be36aaf8f34268c838a2ab66e5606a8f78ad70b1de0f4145	k=48;active0..25;common-r shards;workers1	natural outer even-B4 dim10 versus normalized count-cap-slack d0..2 dim76	Fraction formulas and exact static inventory;cost model from pinned exact probes	NA	DISABLED IMPLEMENTATION PLAN;NO TARGET J/QUOTIENT;5/5 NORMAL/-O;INDEPENDENT REVIEW PENDING	light preflight only	light	Artifact SHA69dfd759; tests/spec SHAs e4bc091b/35a3530e. Enforces 48*(HH-HL-HL^T+LL), exact radial cross convention, and literal cap antiderivatives. Natural B4 outer-J/cross inventories 1965600/93600 terms versus cap-cross27280. Conservative cap-cross projection8182s under256MiB; launch remains externally disabled pending one-face gate and audit.
WIDE-C722-ACTIVE25-CAP-SLACK-SHELL-D2	2026-09-03T04:25:00+02:00	bf460e36c0cc1586b82b6563464dab52773ca8895a87a930ad970b6b4935339b	k=48;active25;degree0..2 per R1..25;R0constant;dim76	count-tagged normalized cap-slack powers ((B_R-sum_large_t)/(B_R-Rdelta))^d	Fraction exact I and four ordered J traversals;binary64 LDL-whitened discovery vector;exact rational contraction	0.07134554581738625	EXACT PARTICULAR FORMS UNDER NEW TESTED IMPLEMENTATION;UNAUDITED;SHELL ONLY;NO INNER CROSS/THEOREM	110.028276	44640	Artifact SHAc66cd860; expanded tests SHAd119c246 5/5 normal/-O, including positive-degree literal antiderivatives. D0 marginal/I/J identities match the primary stratum recurrence exactly. Gain over D1 is .00042450 and shortfall .92865445; diminishing shell-only sequence is not a finite-space upper bound. Retain cap-slack coordinates only for their potentially useful fixed-inner cross.
WIDE-C722-ACTIVE25-CAP-SLACK-SHELL-D1	2026-09-03T04:22:00+02:00	bf460e36c0cc1586b82b6563464dab52773ca8895a87a930ad970b6b4935339b	k=48;active25;degree0..1 per R1..25;R0constant;dim51	count-tagged normalized cap-slack powers	Fraction exact I/J;binary64 discovery;exact rational contraction	0.07092104797623179	EXACT PARTICULAR FORMS UNDER NEW TESTED IMPLEMENTATION;UNAUDITED;SHELL ONLY;NO THEOREM	56.946971	41544	Artifact SHA3d6532fd. Exact gain over constants .0025340544, still far from one; no inner cross and no upper bound.
WIDE-C722-ACTIVE25-CAP-SLACK-SHELL-D0-REGRESSION	2026-09-03T04:20:00+02:00	bf460e36c0cc1586b82b6563464dab52773ca8895a87a930ad970b6b4935339b	k=48;active25;degree0;dim26	count-tagged shell constants	Fraction exact I/J;binary64 discovery;exact rational contraction	0.06838699356113082	EXACT REGRESSION UNDER NEW TESTED IMPLEMENTATION;UNAUDITED;SHELL ONLY;NO THEOREM	21.104895	39692	Artifact SHA6e97c4b3. Reproduces the prior clean-tail shell root to displayed precision through a separately derived cap-slack marginal path; sparse exact forms and rational vector serialized.
WIDE-C722-ACTIVE25-D18-TARGET-MCMC-V2	2026-09-03T04:02:00+02:00	28d6dacf8062f0dc6f5948d1fc3a1bd994ca4f39454931f9ce173bdb0aa84f8d	k=48;active25;D18;seed23649;4chains;burn5000;steps30000;thin1;120000saved	natural-dilation D18 outer polynomial;sample density proportional to its square on alpha1<S<alpha2	Decimal80 point recurrence plus binary64 Metropolis coordinates;exact Fraction radial-event calibration	NA	HEURISTIC CALIBRATION FAIL;outer-I diagnostic only;no J/quotient/theorem inference	240.889 total	98084	Artifact SHAcf2ec135; tests SHA3f3974c3 5/5 normal/-O. Scheduled-cap hits163/120000 give retained-I estimate .00135833, ESS14827 and Rhat1.000005; typical cap ratio median1.19784. Exact radial calibration mean.567917 versus.562376 has Rhat1.01484 but ESS154.29<200, so the run correctly fails closed. Strong search warning that the natural outer polynomial is cap-misaligned, never an exact obstruction.
WIDE-C722-ACTIVE25-D18-TARGET-MCMC-V1-SUPERSEDED	2026-09-03T03:57:00+02:00	1cb236bc857aad4ed9829861176d79eb79e257b1d58522ab9cc90f2b858f90fc	k=48;active25;D18;4chains;burn5000;steps20000;thin2;40000saved	natural-dilation D18 outer polynomial;sample density proportional to its square on alpha1<S<alpha2	Decimal80 point recurrence plus binary64 Metropolis coordinates;exact Fraction radial-event calibration	NA	HEURISTIC LABEL SUPERSEDED;only39 rare cap hits;no J/quotient/theorem inference	219.978 total	93468	Artifact SHA60274a0c. Radial event passes its original ESS/Rhat/z gates, and cap mean is .000975, but the original code lacked the successor's mandatory >=100 cap hits/misses gate. Preserve as discovery data only; v2 source supersedes it.
WIDE-C722-ACTIVE25-D16-STAGED-V5-PRELAUNCH-FAIL	2026-09-03T04:05:00+02:00	8bb0d5088e419d196b4aca732ec384804bf2918554cf001f372a3127e7f1f775	k=48;active25;26 exact common-r shards;externally anchored ledger;fresh isolated CLI	fixed radial D16 inner plus26 count-tagged shell constants	fresh-process hostile resume counterexample;producer13/13 and assembler7/7 tests normal/-O	NA	PRELAUNCH AUDIT FAIL;NO TARGET DIRECTORY;NO ARITHMETIC RUN	NA	lightweight	Checker/result/report SHAs127024d7/a173658f/c60934e5 normal/-O identical. A genuine externally anchored ledger plus26 hand-built canonical future-dated stages/manifest with marker inner_48J=999 is accepted resumed_complete without integration. Preexisting leaves lack caller anchors and persisted intervals need not precede live monotonic time; a source-rebind gap also remains. V5 frozen/retired; distinct no-resume v6 must start with only the anchored ledger and final checker still recomputes all arithmetic.
WIDE-C722-ACTIVE25-OUTER-B4-I-V2	2026-09-03T03:45:00+02:00	ddad99bdd12710e669870fcade850eb72e1c5989ef4747b2e0658be28551b6bb	k=48;delta=361/50000;alphaH=3211/12000;alphaL=103/400;active0..25;analyticSHA111a48a2	even_basis(4) outer shell;dim10	Fraction exact;55 unique symmetric pairs;110 support calls	NA	EXACT DENOMINATOR BLOCK ONLY;INDEPENDENT AUDIT PASS NORMAL/-O;rank10;all LDL pivots positive;no J/quotient/theorem claim	512.467634 producer;524.64/525.98 audit	45296 audit max	Artifact SHAffe98de8; tests SHAdaaacda0; independent checker/result/report SHAs aa8b8cdb/9888d319/8a2a2040. Both independent canonical replays byte-identical and reconstruct all110 support calls, all100 displayed entries, H-L, v1 exact values, rank10, and ten positive pivots without importing the producer. Scope is denominator only.
WIDE-C722-ACTIVE25-OUTER-B4-I-V1-INVALID-METADATA	2026-09-03T03:25:00+02:00	fdcfa7e05b25f5dea69c070182149ceab7b877da1df67fce4a5b53fab6546b90	k=48;delta=361/50000;alphaH=3211/12000;alphaL=103/400;active0..25	even_basis(4) outer shell;dim10	Fraction exact;100 ordered entries per support	NA	EXACT MATRIX BUT INVALID WORK-COUNT METADATA;preserved and superseded by v2;no J/quotient	1129.768924	43800	Artifact SHA368c5305 falsely labels the computation as55 upper-triangle contractions although source evaluates100 ordered entries/support. Matrix bytes agree exactly with corrected v2. Preserved as failed provenance/cost data; never use its cost claim.
WIDE-C722-ACTIVE25-D16-STAGED-V4-PRELAUNCH-FAIL	2026-09-03T03:41:22+02:00	7d5188ec18ef99ae22aeada193471a69c11cf15363aa26496ef8b3217387beef	k=48;active25;26 exact common-r shards;boot-bound4h ledger;one worker	fixed radial D16 inner plus 26 count-tagged shell constants	static/runtime hostile prelaunch audit;19/19 ordinary tests normal/-O	NA	PRELAUNCH AUDIT FAIL;NO TARGET DIRECTORY;NO ARITHMETIC RUN	NA	lightweight	Frozen counterexample checker/result/report SHAs b1da2c8b/f020711a/11fe3b77. Same-process mutation of private runtime dispatch and module identity emits production-shaped fake stages with false inner_48J=999 that the assembler accepts. Also missing external ledger anchor, hardlink rejection, and global ordering of resource intervals. V4 untouched/retired; distinct v5 must use fresh isolated CLI plus external self/ledger anchors, and final checker must recompute arithmetic.
WIDE-C722-ACTIVE25-D16-STAGED-V3-PRELAUNCH-FAIL	2026-09-03T03:41:22+02:00	79cbeb74b994e8d6bdd5f16e7d0f7d11aa148d6f9d6d4f32a12932854d62efd8	k=48;active25;26 exact common-r shards;advertised4h gate	fixed radial D16 inner plus 26 count-tagged shell constants	synthetic-clock/directory hostile audit	NA	PRELAUNCH AUDIT FAIL;NO TARGET DIRECTORY;NO ARITHMETIC RUN	NA	lightweight	Regression/report SHAs13c5a756/a384a193; normal/-O failure output SHA3d7e9274. Four-hour duration reset across resumes, per-shard timeout was post-return only, late extra leaf survived accepted manifest, and injected mem reader/no-op sleeper yielded indistinguishable records. Superseded; failures retained permanently.
C10-D4-IMPORTANCE-V67-RECOVERY-REJECT	2026-09-03T03:31:15+02:00	118b56e6e7fe07c3a95ed1f49da6cbaf1c0352f5f9776526ea8bb5aa0d4782f8	k=48;C10;records-only replay of all128 frozen v6.6 leaves;authSHA1656f18c	exact-whitened conditional D4 importance calibration	binary64 full-jackknife replay;no new chains	NA	AUDIT PASS OF AUTHENTIC REJECTED OUTPUT;NO HEURISTIC CANDIDATE	approximately45 recovery after approximately32 authorization	unknown	Output SHA3ff38ac4; independent checker/tests/result/report SHAs f051baf7/ab594024/0e1daaaf/c9f84451, normal/-O identical. Degree1/2 deletion stability fail; Rhat about1.498>1.05; ESS about85.6<200; J precision0/16; worst standardized discrepancy about557.6>12. No matrix, vector, root, or quotient emitted. Mechanism retired rather than extending uncalibrated chains.
WIDE-C722-ACTIVE25-D18-OUTER-I-CHUNK-CALIBRATION	2026-09-03T03:31:15+02:00	32deb9aef6c09c46c17b05d8145751029894f493452baa45375cdabab980cb40	k=48;active25;D18 natural dilation;stratum0;groups0..1500 of10761	fixed dilated D18 polynomial on capped H-minus-L shell	Fraction exact count-and-group checkpointing	NA	UNAUDITED EXACT-ARITHMETIC PARTIAL I TERMS ONLY;incomplete signed decomposition;no quotient	124.746;198.927;third chunk completed	292164 first;329972 second	Three O_EXCL canonical shards SHAs2fb8b9aa/98b7b4a4/2cf9c57f; normal/-O low-k additivity tests4/4. Threat modeling found that v1 assembler trusts self-declared shard values, lacks per-stratum nesting, late leaf-set/transitive-import rebinding, and held output-parent publication tests. No more v1 shards will run and no v1 assembly is authorized. Partial values have no interpretation; a distinct v2 plus independent full recomputation is required.
WIDE-C722-ACTIVE25-D18-OUTER-I-SCALAR-ABORT	2026-09-03T02:57:30+02:00	014c6c9dad731203d627c72f545ee225117af7b19a1b3394a3bf68d646fbf398	k=48;active25;D18 natural dilation;10761 square-orbit groups	fixed dilated D18 polynomial on capped H-minus-L shell	Fraction exact scalar support-moment loop	NA	RESOURCE-ABORTED REPRESENTATION;no output;no partial form;no quotient	approximately300	unknown	No first 500-term checkpoint was reached and the process was interrupted before the independently audited D16 staged launch to avoid concurrent memory pressure on an 8GiB host already using swap. Reorganize by count/face with checkpoints; do not rerun this uncheckpointed scalar form.
WIDE-C722-NONUNIFORM-ACTIVE26-GREEDY-BARRIER	2026-09-03T02:46:00+02:00	3886783d4b002b6cedf9076c0bf3619ed033ad4c6f7d85ebe9baf4ef29ab7be3	k=48;delta=361/50000;first10 fixed;denominator=1000000;tail greedily enlarged through count32	analytic support schedule only	Fraction exact fixed and dynamic-IIc enumeration	NA	EXACT-GRID DISCOVERY;not independent audit;not a global obstruction	25.3	lightweight	Summary artifact SHA2dffad67; fixed least margin4919/105000000000, dynamic least69999/20000000000. Selected B26=187719/1000000 is exactly1/1000000 below26delta, so count26 remains empty. Current audited active25 support is retained while its exact pencil runs.
C10-D4-IMPORTANCE-V66-PRODUCTION-PUBLICATION-FAIL	2026-09-02T23:54:00+02:00	69698f7766d9077bd5026dee8fc1e065b762a1f3d344ea2b7af0282763ce21f9	k=48;C10;gateSHAfa101960;authSHA25c516af;128 fresh authorized chains;transformedDims16/47/93	exact-rational-LDL/power-of-two transformed D4 stratum multiplier basis	binary64 conditional MCMC;frozen v6.6 schedule	NA	HEURISTIC PRODUCTION RECORDS COMPLETE BUT RESULT PUBLICATION FAILED CLOSED;no quotient/result accepted	>=8688.576 checkpoint span;8711.584 authorization-to-rejection-sentinel	UNKNOWN (final serializer failed before run-metric publication)	All 128 exact checkpoint leaves exist and validate under the original held-dirfd gate. Final `_json_safe` rejected one `numpy.bool_` at `$.hard_gates.constant_coordinate_sums_one`; preserved rejection sentinel SHA a4f8518b. Records-only v6.7 candidate/source/template SHAs 118b56e6/ccaffa3c replays the full analysis without chains but remains unauthorized pending independent audit. No numerical matrix/root/sign is reported.
C10-D4-IMPORTANCE-V67-RECOVERY-PREEXECUTION-AUDIT	2026-09-03T03:10:00+02:00	f5c925aca55ec14bd129b58ea27085ffdf03b10521fbbbddbb339497229b2f8d	k=48;C10;v66gateSHAfa101960;v67sourceSHA118b56e6;templateSHAccaffa3c;128 frozen records	records-only reconstruction of exact-whitened D4 calibration analysis	static plus hostile runtime replay;normal/-O;no chains/full recovery output	NA	SCOPED AUDIT PASS PRE-EXECUTION;authorization template remains false;no quotient/root inspected	not reported	lightweight	Hostile tests SHAf07bbfe7 6/6 normal/-O; audit JSON SHAf79a327b; report SHA5b98b3c4. Verifies all128 checkpoint hashes/inodes, exact held-dirfd reopening, sole NumPy-bool repair path, external self/source closure, no-chain execution, and fail-closed output races. Explicit root authorization and a post-output audit remain mandatory.
WIDE-C722-ACTIVE25-D18-DIRICHLET-CONTROL-PROBE-FAIL	2026-09-03T02:38:00+02:00	da3838d98547507fbfa055073be2fe4de250cea3f5e090062328e1ea6c95b7d2	k=48;D18;active25;2x20 smoke plus six 2x500 shape trials;physical shapes .5,.7,1,1.3;slack shapes .15,.2,.3	fixed D18 inner plus natural-dilation outer amplitude	longdouble Dirichlet importance sampling with exact uncapped matrix as nominal control variate	NA	HEURISTIC CALIBRATION FAIL;all quotient signs discarded;never a certificate	0.15 smoke;2.3--4.1 per grid run	lightweight	Smoke artifact SHA1c9d1689. Exact calibration targets are A11=1.192e-159,B00=6.681e-159,B01=4.299e-160,B11=7.337e-161; observed calibration means missed key entries by factors from several to thousands and some grid estimates had extreme between-batch variance. Do not use the apparent q>1 values.
BV-AQUARTER-D18-CACHEFREE-PARTICULAR-CHECK	2026-09-03T02:40:00+02:00	96495079a18039a0a7b0522e83ac455cbe5ff144598fff6b382f2c2953958de9	k=48;alpha=103/400;eta=97/400;delta=7/250;D18dim471;inputSHAaf6f1eb0	refined D18 rational particular vector	Fraction exact direct square/marginal orbit reconstruction;no matrix or cache;normal/-O byte-identical	0.98535084085017721	exact negative particular vector;subsumed by independent D18 2x2 audit PASS	15.3	lightweight	Artifact SHA44b7e97c; 10761 exact F-square and marginal-square orbit groups; normal/-O outputs byte-identical. Independent D18 checker SHA206f3106 separately reconstructs the source coordinate while auditing the uncapped pencil; this remains not a capped quotient.
BV-AQUARTER-D18-INNER-RADIAL-EXACT	2026-09-03T02:40:30+02:00	67b7a77555f8022d2445d51537d05d3592af34c252353f63132fd44a14d93da8	k=48;R=103/400;V=97/400;delta=7/250;D18dim471;inputSHAaf6f1eb0	refined D18 vector with two exact amplitudes across sum<=V and V<sum<R	Fraction exact orbit contraction;Decimal180 eigen-discovery;61-digit rational amplitude exact contraction	0.98535566634082061	exact negative particular vector;stronger fixed inner seed;independent audit pending	1.5	lightweight	Artifact SHAd0e40966; exact gain 4.82549064337e-6 over D18 baseline; radial outer amplitude was rationalized to 61 significant digits.
WIDE-C722-D18-PIECEWISE-UNCAPPED-DEFINITION5	2026-09-03T00:54:53+02:00	f3bbc9c6c35e2cb8b1ac7ce6accf56144c01099be81dfe288407b4552165b7bb	k=48;alpha1=103/400;eta1=97/400;alpha2=3211/12000;eta2=3031/12000;cin=1;cout=3090/3211	fixed refined BV D18 inner plus independently scaled natural-dilation D18 on uncapped outer shell	Fraction exact 2x2 reconstruction;70-digit rational stationary amplitude	1.0094665456455079732521139175830199	UNCAPPED SEARCH RELAXATION AUDIT PASS;outer simplex analytically unapproved;not a theorem	NA	NA	Producer SHA49ecca1b; independent checker/result/report SHAs206f3106/6d9bbb47/5aa175ff; normal/-O byte-identical. Exact rational positive margin, factor48 and Definition-5 cutoff assignment independently reconstructed. This only authorizes capped D18 search.
WIDE-C722-NONUNIFORM-ACTIVE25-TAIL-ANALYTIC-AUDIT	2026-09-03T02:40:00+02:00	c96b1d1c052a1fe598ac9547b46af3575bc56afb8e6050be7d9384a6861b42f7	k=48;delta=361/50000;epsilon=3/400;A=(-3/400,1/4,3121/12000);clean nonuniform tail through B26=363/2000	weighted-prime-minorant wide two-band support;active outer counts0..25	independent exact Fraction reconstruction;normal/-O byte-identical	NA	ANALYTIC AUDIT PASS ONLY;no quotient	21.99 root normal+optimized replay	lightweight	Artifact SHA111a48a2; report SHA0c89e776. Fixed mixed least139967/45000000000; outer least59999869/600000000000; near least199999/2500000000; dynamic least549979/120000000000; first empty26. A 25-parameter radius1/1000000 strict box passes. Pointwise dominates flat .16645 support.
WIDE-C722-CLEAN-RISING-TAIL-ANALYTIC-DISCOVERY	2026-09-03T02:29:00+02:00	3886783d4b002b6cedf9076c0bf3619ed033ad4c6f7d85ebe9baf4ef29ab7be3	k=48;first9=(597/5000,633/5000,669/5000,141/1000,737/5000,773/5000,1553/10000,809/5000,81/500);B10=3329/20000;clean-B11..25=(.1690,.1695,.1718,.1737,.1752,.1762,.1764,.1774,.1782,.1790,.1796,.1801,.1806,.1811,.1815);B26+=.1815	weighted-prime-minorant wide two-band support;active outer counts0..25	exact Fraction discovery using frozen analytic engine;all 172800 dynamic cells	NA	EXACT DISCOVERY PASS ONLY;independent analytic audit pending;no quotient	5.82 final-clean check plus 15.91 grid frontier	lightweight	Fixed mixed worst139967/45000000000; outer worst59999869/600000000000; near worst199999/2500000000; dynamic worst549979/120000000000. Exact constant shell volume is 1.3222099457551302 times audited .16605 support. Not yet theorem-usable.
WIDE-C722-CLEAN-RISING-TAIL-SHELL-CONSTANTS-PROBE	2026-09-03T02:34:00+02:00	f916e2d69318431f77be0172160540610c10c35d8fd2292134015d0b175957c2	k=48;clean-rising-tail;active-R=0..25;dim26-shell-only	constant on each exact outer-shell count stratum	Fraction exact I and HH/HL/LL J matrices;Decimal100 Jacobi discovery	0.0683869935611308148771492498229761944281795519022342698	EXACT MATRIX FORMS BUT UNAUDITED DISCOVERY SOLVE;support audit pending;no inner-D16 cross;not a certificate	12.84	lightweight	9360 domains per HH/HL/LL table. Improves old shell-only heuristic .062274 but remains far below one; does not bound polynomial shell functions.
WIDE-C722-NONUNIFORM-PLATEAU16605-ANALYTIC-AUDIT	2026-09-03T02:10:00+02:00	1c041d15fbd18ec4e049bd32690e135310f98d93d653f67892244f47fc3ce607	k=48;delta=361/50000;epsilon=3/400;A=(-3/400,1/4,3121/12000);outerBm=(597/5000,633/5000,669/5000,141/1000,737/5000,773/5000,1553/10000,809/5000,81/500,then3321/20000)	weighted-prime-minorant wide two-band support;active outer counts0..22	independent exact Fraction reconstruction;normal/-O byte-identical	NA	ANALYTIC AUDIT PASS ONLY;no quotient	17.29	lightweight	Artifact SHA700f7931; report SHAdc17388c. Mixed/transpose least slack724973/37500000000; dynamic IIc least174999/5000000000; mixed IIc empty exactly; first-empty margin1/100000; c1=c2=0. Ten-parameter radius1/200000 strict-interior box certified. Pointwise dominates all three predecessor schedules.
WIDE-C722-START104-PLATEAU166-ANALYTIC-AUDIT	2026-09-03T01:58:00+02:00	faa23bd7370c9c4d1cc00aa3e21577884a2553bca68258f918fca992cf4d111a	k=48;delta=361/50000;epsilon=3/400;A=(-3/400,1/4,3121/12000);outerBm=min(13/125+(m-1)delta,83/500)	weighted-prime-minorant wide two-band support;active outer counts0..22	independent exact Fraction reconstruction;normal/-O byte-identical	NA	ANALYTIC AUDIT PASS ONLY;no quotient	14.38	lightweight	Artifact SHA148852f6; report SHA9947bc4b. Mixed/transpose least slack999997/7500000000; dynamic IIc least3549979/120000000000; mixed IIc empty exactly; c1=c2=0. Strict rational start/plateau box certified. Pointwise dominates every preceding wide schedule.
WIDE-C722-D16-PIECEWISE-UNCAPPED-DEFINITION5	2026-09-03T01:58:00+02:00	f3bbc9c6c35e2cb8b1ac7ce6accf56144c01099be81dfe288407b4552165b7bb	k=48;alpha1=103/400;eta1=97/400;alpha2=3211/12000;eta2=3031/12000;cin=1;cout=3090/3211	fixed inner BV D16 plus independently scaled natural-dilation D16 on the uncapped outer shell	Fraction exact independent 2x2 reconstruction;70-digit rational amplitude	1.00510111767528007059574062514480033287442324136230203560690	EXACT POSITIVE SEARCH RELAXATION;outer full simplex is analytically unapproved;not a theorem	NA	NA	Artifact SHAe30a9a5f; independent checker SHAa9210778 and audit JSON SHA00e273d0 PASS. Exact margin over I=.00510111767528; this authorizes capped-basis search but cannot imply H1<=236.
LOCAL-PAIR-MCMC-CROSS-WITHDRAWAL	2026-09-03T01:58:00+02:00	05735a7cd0d9e2122d41ae6cc95e55f626a60cb891ad8492d7d45f64bc9a76ae	k=48;wide capped shell;fixed/count/binary/smooth local pair chains	all realized local-chain quotient signs	independent exact-rational plus deterministic Decimal80 scale calibration	NA	AUDIT FAIL;ALL LOCAL PAIR-MCMC SIGNS WITHDRAWN	NA	lightweight	Artifact SHAf48d5e30; report SHAaab0bdfc. Count sampler overstates independently reconstructed R15 capped mass by factor711.1200131; reported positive1.032431 and all negative signs are unusable. Formula identities remain search-instrument-only.
BV-AQUARTER-B18-REFINED-CACHE-EXACT	2026-09-03T00:52:00+02:00	1e1e9aece98190b06684be1c206583de72969218b4ec5a5dfaf374fb7d26d387	k=48;alpha=beta=103/400;eta=97/400;delta=7/250;matrixSHA=d642da26	graded-even B18;471 rational coefficients	Decimal180 640 iterations then common 60-significant-digit grid;Fraction exact contraction	0.98535084085017721...	EXACT PARTICULAR FORM FROM SOURCE-HASHED CACHE;negative margin;cache-free checker pending	975.22	282060	Artifact SHAaf6f1eb0; 111156/111156 cache hits and zero misses. Trace stabilizes to .98535084085017724155; exact rational q display .98535084085017721. This is not an eigenvalue certificate and remains below one.
WIDE-C722-D16-R15-I-PUBLICATION-FAIL	2026-09-03T01:20:00+02:00	0c221f5b9040a6a0b361dd25e24069763713542f306c354a10af26835619a356	k=48;wide-volume-ramp;totalR=15;Decimal80	piecewise outer-dilated BV D16 shell	fused high/low I traversal	NA	FAIL CLOSED;all faces computed but stale BASE_PATH name raised before publication;no artifact	NA	~272000	No value accepted. Repaired target SHA cb84d4eb adds protected-input/O_EXCL publication regression; clean rerun follows.
WIDE-C722-D16-R15-I-DECIMAL80	2026-09-03T01:35:00+02:00	cb84d4eb6d24c7be2315b8195b8e0c1a6a9bc52e68e4e5f6a656ea41252e667c	k=48;wide-volume-ramp;totalR=15;cin=1;cout=3090/3211	piecewise outer-dilated BV D16 restricted to shell count15	Decimal80 fused high-minus-low	NA	DISCOVERY CALIBRATION ONLY;complete I stage;no J/quotient/certificate	683.314	271784	Artifact SHA4f493d64; shell I=1.867590058647541159966652284027770402944112322891498259579150487028098552988698E-156;23 high/21 low faces. Superseded schedule for future search.
WIDE-C722-D16-R15-J-FILTER-COST	2026-09-03T01:41:00+02:00	5086a4a381d301ae3a5b321f5e5afba685b677d6851694ef555f6ec76d7fdc58	k=48;wide-volume-ramp;targetR=15;commonR=14;h=10	inner-original/outer-dilated cross and shell tags	Decimal80 specialized outer-branch filter	NA	COST PROBE ONLY;incomplete common-count stage;no quotient	244.030	301308	Artifact SHAaafdc239; branches Ltotal/Lbig only; domains fh6/fl4/hh2/hl3/ll2. Representative 41-face linear projection2.78h, not a conservative bound; full run forbidden.
WIDE-C722-D16-R15-ASSEMBLER-AUDIT-FAIL	2026-09-03T01:42:00+02:00	290dc32bf233083ffa52162a4176e0618d6a1fb932d009ca73740d349fe3a363	k=48;R15;provisional2x2assembler	inner plus shell-count15	static hostile forged-stage/publication-race fixtures	NA	AUDIT FAIL;must not consume stage artifacts	NA	lightweight	Report SHA38738aec; JSON0804655c; verifier159d1e4c; mutation testcafcf414. Caller-chosen SHA plus spoofed metadata accepted arbitrary forms; exists/write_bytes publication raced. Specialized evaluator itself passed branch-reduction audit.
WIDE-C722-PIECEWISE-D16-R11-I-COST-INVALIDATED	2026-09-03T01:02:00+02:00	82841a2527f228f7f68c1df707c88872737ad6af99c85b5ed4618e9bd5961c64	k=48;outer-c=3090/3211;volume-ramp;R=11	outer dilated BV D16;561 grouped I polynomials	Decimal80;interrupted after high27/27 and low18/25 faces	NA	INVALIDATED RUNTIME PROBE;source was repaired during run so end hash could not pass;no output	NA	~300000	Stopped deliberately before a rejected artifact could be emitted. Observed about10--30 seconds per face. Superseded by frozen source cad3e32b and artifact d2846dac.
WIDE-C722-PIECEWISE-D16-R11-I-COST	2026-09-03T01:28:48+02:00	cad3e32b77717419061a46d9863e5a99785cf34f71fc5e992f684c3b1741f7f5	k=48;inner-c=1;outer-c=3090/3211;volume-ramp;total-R=11	outer dilated BV D16 scheduled-high minus scheduled-low;561 grouped I polynomials	Decimal80 grouped recurrence;27 high and25 low faces	NA	NONRIGOROUS COMPLETE R11 I STAGE;independent prelaunch formula audit PASS;no quotient/J/sign claim	1575.8894349159673	298284	Artifact SHAd2846dac; shell I_R11=2.4251652465131906777843520784276778497413951855011486179617686085018311457241e-155, only .0001317241564382349 of the uncapped total outer denominator and .0008575032213776488 of scheduled-high R11. Audit report SHA5db0a39a. Constant-volume ranking is falsified for polynomial mass; no omission of other counts is licensed.
WIDE-C722-D16-DILATED-UNCAPPED-DEFINITION5-PENCIL	2026-09-03T00:31:00+02:00	85c4847c4803015d9aa14f67d257be62a4d23edbff5843f191e903ce885d4804	k=48;alpha1=103/400;eta1=97/400;alpha2=3211/12000;eta2=3031/12000;c=3090/3211	inner dilated D16 plus rational-amplitude uncapped outer-shell restriction	Fraction exact 2x2 Definition-5 pencil	0.99987975146175168...	EXACT PARTICULAR FORM;outer full simplex analytically unapproved;negative margin;not theorem-ready	105.53	78676	Artifact SHA9a75380b. Unit amplitude q=.99986151078506524; stationary outer amplitude1.02632091355. Correctly subtracts inner-inner eta1<U<=eta2 tail from the one-band q1.02078; exact shortfall about1.2024854e-4. Audited capped volume-ramp contraction is decisive.
WIDE-C722-D16-DILATED-UNCAPPED-EXACT	2026-09-03T00:19:00+02:00	3219047bd9d339e15946947f68bd6484d23af722337ba70771c488e3e1238794	k=48;c=3090/3211;target-alpha=3211/12000;target-eta=3031/12000;delta=7/250	dilated certified BV D16 polynomial F1(t)=F0(c*t);307 exact coefficients	Fraction exact orbit reconstruction	1.0207823750831113...	EXACT UNCAPPED PARTICULAR FORM;analytic support not approved;not a capped bound or theorem certificate	21.49	46688	Artifact SHA27a893e9. Exact matching-cutoff identities I1=c^-48 I0 and 48J1=c^-49(48J0) pass and give q=1.0197035633110845. This positive reservoir authorizes exact contraction on the audited wide cap.
WIDE-C722-D16-UNCAPPED-FIXED-VECTOR-EXACT	2026-09-03T00:08:00+02:00	53d544a7467556f324966bf571b88ed1ab3e8a95970e5f8a722ad91447cad1e1	k=48;baseline-alpha=103/400;baseline-eta=97/400;proxy-alpha=3211/12000;proxy-eta=3031/12000;delta=7/250	certified BV D16 rational polynomial evaluated unchanged on full simplexes	Fraction exact orbit reconstruction	0.016393007405152926...	EXACT PARTICULAR FORM;analytically unapproved uncapped proxy;not an upper bound or theorem certificate	8.71	40484	Artifact SHA12481080; certificate SHA59715ddf. Baseline is reproduced exactly at q=.9812781098197606203. The transfer collapse reflects the fixed original L=1-sum(t) polynomial and forbids naive coefficient transfer as a wide-support ranking; reoptimization remains open.
TS-0	2026-09-01T00:00:00+02:00	b9acfab1bce12ecdee61782e0a4936f4f80447df081eb523666259f1706a8d59	k=48;alpha=521/2000;eta=491/2000;delta=7/250;B1=B2=3/20;B3+=17/100	(s/alpha)^0	Fraction exact	0.23403715846142173	exact reconstructed	12.3	36000	Constant function baseline; exact inclusion-exclusion/polygon integration.
TS-2	2026-09-01T00:00:00+02:00	b9acfab1bce12ecdee61782e0a4936f4f80447df081eb523666259f1706a8d59	k=48;alpha=521/2000;eta=491/2000;delta=7/250;B1=B2=3/20;B3+=17/100	(s/alpha)^0..2	Fraction exact after float discovery	0.77756211960429522	exact rational vector; negative target margin	97.0	36000	Not a target certificate.
TS-5	2026-09-01T00:00:00+02:00	b9acfab1bce12ecdee61782e0a4936f4f80447df081eb523666259f1706a8d59	k=48;alpha=521/2000;eta=491/2000;delta=7/250;B1=B2=3/20;B3+=17/100	(s/alpha)^0..5	Fraction exact after float discovery	0.81882486035804769	exact rational vector; negative target margin	550.8	35992	Heuristic generalized value 0.81904984918960111; total-sum family appears saturated near 0.819.
MC-0	2026-09-01T00:00:00+02:00	aaa0577d9996a988f1098fd46715fa1604e89a065a509718bbc355c8d73a3916	k=48;published support;samples=1000000;seed=236	F=1	double Monte Carlo	0.233982046953	statistical cross-check only	15.3	unknown	Exact quotient 0.234037158461; J discrepancy -0.399 standard errors.
ORB-3-P	2026-09-01T00:00:00+02:00	3fb5324d2f48011283f1b9a3eefa2c5690f38e0b2b28bcc59ce21c6f69a9d786	k=48;published support	Polymath even-orbit B_3;dim=6	Fraction exact; high-precision discovery	0.8283001277650814	exact rational vector; negative target margin	10	38000	Matrix SHA f13f1d700bb763434a0067db701ece875dc2f03be86b540157e31fb60e23ab3e.
ORB-3-E	2026-09-01T00:00:00+02:00	3fb5324d2f48011283f1b9a3eefa2c5690f38e0b2b28bcc59ce21c6f69a9d786	k=48;B3+=889/5000;other published	Polymath even-orbit B_3;dim=6	Fraction exact; high-precision discovery	0.8283001277669679	exact rational vector; negative target margin	10	38000	Matrix SHA 0cf803a78073c9028ef622e36406a051595485bb07626050adcf0eee145b0d01; support gain 1.89e-12.
ORB-4-E	2026-09-01T00:00:00+02:00	3fb5324d2f48011283f1b9a3eefa2c5690f38e0b2b28bcc59ce21c6f69a9d786	k=48;B3+=889/5000;other published	Polymath even-orbit B_4;dim=10	Fraction exact; high-precision discovery	0.8690771925702910	exact rational vector; negative target margin	140	42000	High-precision optimum 0.86907721286354214578; matrix SHA 514f20078bc415a7bacc0830111dda2716804e836e413f93c9593b96913f770a.
ORB-6-E-L1	2026-09-01T12:00:00+02:00	95877b624be5852b4809f812d10b610d29d41259c9382d6cc7db99a77df6cc3c	k=48;alpha=521/2000;eta=491/2000;delta=7/250;B1=B2=3/20;B3+=889/5000	even-orbit degree<=6;signature length<=1;dim=16	Fraction exact after decimal discovery	0.8933002803104199	exact rational vector; negative target margin	679.7	unknown	Matrix SHA d0722e6c2fde00d0a578ef241dec08e19728026a9bc93ab3d87f8cd10b900d23.
ORB-4-E-NO1	2026-09-01T13:00:00+02:00	230a6acc9b986dae03a854953458a7a38a8bd5ba64a3dab63b5b5273f4b9b5eb	k=48;alpha=521/2000;eta=491/2000;delta=7/250;B1=B2=3/20;B3+=889/5000	all orbit signatures without parts 1;degree<=4;dim=12	Fraction exact after decimal discovery	0.8711999305485281	exact rational vector; negative target margin	102.5	unknown	Matrix SHA b8affe8259473cb26f07dc1c788403ebbc74896a70ce99435103fa000e3807c3; demonstrates odd signatures add value.
BV-NO1-D8	2026-09-01T14:00:00+02:00	230a6acc9b986dae03a854953458a7a38a8bd5ba64a3dab63b5b5273f4b9b5eb	k=48;A=1/4;support_epsilon=3/400;alpha=103/400;eta=97/400;delta=7/250;B_all=103/400	all orbit signatures without parts 1;degree<=8;dim=67	Fraction exact after decimal discovery	0.9366148430706379	exact rational vector; negative target margin	7.2	unknown	Full-simplex shortcut; matrix SHA aa2e813cacad75ad4bbfffcc10edb6b3062a9faa8c0232e0fb8545a65095f954.
BV-EVEN-D12	2026-09-01T14:20:00+02:00	95877b624be5852b4809f812d10b610d29d41259c9382d6cc7db99a77df6cc3c	k=48;A=1/4;support_epsilon=3/400;alpha=103/400;eta=97/400;delta=7/250;B_all=103/400	even-orbit degree<=12;dim=120	Fraction exact after decimal discovery	0.9662589904055093	exact rational vector; negative target margin	0.3	unknown	Full-simplex shortcut; matrix SHA 9d88a543eee334aee21d7c0bbe67eeb2bb150b5c881f039df62b7be0c5116c16.
BV-EVEN-D14	2026-09-01T14:40:00+02:00	95877b624be5852b4809f812d10b610d29d41259c9382d6cc7db99a77df6cc3c	k=48;A=1/4;support_epsilon=3/400;alpha=103/400;eta=97/400;delta=7/250;B_all=103/400	even-orbit degree<=14;dim=195	Fraction exact after decimal discovery	0.9752059238904460	exact rational vector; negative target margin	347.6	unknown	Current strongest analytically justified exact quotient; matrix SHA ec6d141cc89f98b64d1a77eb0f70df9b1144ca0539191dfdaacfa827fc542cb5.
BV-EVEN-D12-E0065	2026-09-01T15:00:00+02:00	230a6acc9b986dae03a854953458a7a38a8bd5ba64a3dab63b5b5273f4b9b5eb	k=48;A=1/4;support_epsilon=13/2000;alpha=513/2000;eta=487/2000;delta=7/250;B_all=513/2000	even-orbit degree<=12;dim=120	Fraction exact after decimal discovery	0.9664853277774192	exact rational vector; negative target margin	102.4	unknown	Best sampled D12 epsilon; matrix SHA ac66c611b1bb7c4aa6d351291e9c6906c74ee05d4645c7b3ab0fc95c158b65c2.
HB-REF-NO1-D10	2026-09-01T15:20:00+02:00	230a6acc9b986dae03a854953458a7a38a8bd5ba64a3dab63b5b5273f4b9b5eb	k=48;A=1279/5000;support_epsilon=1/200;alpha=163/625;eta=627/2500;delta=1/50;B_all=163/625	all orbit signatures without parts 1;degree<=10;dim=139	Fraction exact after decimal discovery	0.9782058509085813	exact rational vector for reference support; analytically infeasible B_all	86.5	unknown	Full-simplex reference only, not a sieve certificate; matrix SHA 8e2fafd2e7b499b8f3d80aee05e61e90019fd68eed26871f222beec8754adf8f.
HB-C20-NO1-D4	2026-09-01T19:19:00+02:00	9a9eb37036e19862b5da694bca3bc1c34dc7e54c11cfa1fbc94286f6898f193c	k=48;A=1279/5000;support_epsilon=1/200;alpha=163/625;eta=627/2500;delta=1/50;B1=B2=3/20;B3+=17/100	all orbit signatures without parts 1;degree<=4;dim=12	Fraction exact after decimal discovery	0.8872735200643458	exact rational vector; negative target margin	309.2	unknown	Conservative pre-frontier C20; matrix SHA 88813500de02bde7941c09f5978700ec00cb047dc4bc9a2e82a72495fd3c0958.
HB-C16-NO1-D4	2026-09-01T20:00:00+02:00	941ee82bc72fd8488a95eb5e536fe47f8c95d39a1b618dae7d6ef7eb27122e52	k=48;A=77147/300000;support_epsilon=1/200;alpha=78647/300000;eta=75647/300000;delta=2/125;B1=3/20;B2=769/5000;B3+=849/5000	all orbit signatures without parts 1;degree<=4;dim=12	Fraction exact after decimal discovery	0.8920052899993396	exact rational vector; negative target margin	854.7	60700	Matrix SHA 3ff2aa2df271abd6230b9836f1d474380c85724d055b3d3f8d98fbd26e52f055; frontier support exact checker passes.
HB-C10-NO1-D4-MP	2026-09-01T20:10:00+02:00	16882457752acfc240e79dfcccebefa2aa86d04ab2c946ccebd881d0a3f95beb	k=48;A=77747/300000;support_epsilon=1/200;alpha=79247/300000;eta=76247/300000;delta=1/100;B1=B2=3/20;B3+=97/625	all orbit signatures without parts 1;degree<=4;dim=12	Decimal 55-digit recurrence	0.8963676783427826	heuristic high precision; independently calibrated recurrence	541.2	unknown	Not exact; Decimal recurrence matched exact C20 D4 through 18 decimal places. Frontier and rational-box support checkers pass.
HB-C10-REF-NO1-D4	2026-09-01T20:20:00+02:00	941ee82bc72fd8488a95eb5e536fe47f8c95d39a1b618dae7d6ef7eb27122e52	k=48;A=77747/300000;support_epsilon=1/200;alpha=79247/300000;eta=76247/300000;delta=1/100;B_all=79247/300000	all orbit signatures without parts 1;degree<=4;dim=12	Fraction exact using exact decimal vector	0.8989796949934230	exact rational vector for reference support; analytically infeasible B_all	0.03	unknown	Full-simplex reference; matrix SHA 75db4ee6af2c1e25db3c8176b0a4ef3720854ce5403d7aa81a6feb201b005939.
HB-C10-REF-NO1-D10	2026-09-01T20:25:00+02:00	941ee82bc72fd8488a95eb5e536fe47f8c95d39a1b618dae7d6ef7eb27122e52	k=48;A=77747/300000;support_epsilon=1/200;alpha=79247/300000;eta=76247/300000;delta=1/100;B_all=79247/300000	all orbit signatures without parts 1;degree<=10;dim=139	Fraction exact using 180-digit decimal vector	0.9910122128503976	exact rational vector for reference support; analytically infeasible B_all	168.0	unknown	Full-simplex reference only; matrix SHA 177ea56b94c637b76e911a8036f2a0da97c2d09f1ede6a136488cddde943249c.
HB-C10-STRAT-D0	2026-09-01T20:35:00+02:00	0566f77860b0b61ce0ed342b5bb3a4743990725099d8b0cd6e685efad3c7394f	k=48;C10 exact capped support	indicator of each R=0..15;dim=16	Fraction exact after decimal discovery	0.5819278719725501	exact rational vector; negative target margin	2.1	unknown	Block-diagonal I/block-tridiagonal J; matrix SHA 1821aba7049b3335cd27eb6c007e86306fbaf33cfed42d74c046cc81f4281ce3.
HB-C10-STRAT-D1	2026-09-01T20:36:00+02:00	0566f77860b0b61ce0ed342b5bb3a4743990725099d8b0cd6e685efad3c7394f	k=48;C10 exact capped support	R-tagged no-ones degree<=1;dim=32	Fraction exact after decimal discovery	0.7802448183893927	exact rational vector; negative target margin	7.2	unknown	Matrix SHA 4bc4d2ae69cc1bddeba61d88788349e3052ff93a7b18d2b8d633d1f6f1983ffe.
HB-C10-STRAT-D2	2026-09-01T20:38:00+02:00	0566f77860b0b61ce0ed342b5bb3a4743990725099d8b0cd6e685efad3c7394f	k=48;C10 exact capped support	R-tagged no-ones degree<=2;dim=64	Fraction exact after decimal discovery	0.8359976037732323	exact rational vector; negative target margin	77.9	unknown	Matrix SHA 362399142f9dd09233088fe73a51aff4d0b69c9fa444c02fb29746354cc3e907.
HB-C10-STRAT-D3	2026-09-01T20:45:00+02:00	0566f77860b0b61ce0ed342b5bb3a4743990725099d8b0cd6e685efad3c7394f	k=48;C10 exact capped support	R-tagged no-ones degree<=3;dim=112	Fraction exact after decimal discovery	0.8780605777582272	exact rational vector; negative target margin	364.2	unknown	Matrix SHA 2a033078eb5592e8646242fc9bb480f883c12cc03e35933f2bb61853242f0df8; standalone tag route remains below global D4.
HB-C16-HYBRID-D4-TAG1	2026-09-01T20:42:00+02:00	ccf5fb20af8728b99e819e84443231fc9e8aa37ca3ad226d0ec19c861128c0e3	k=48;C16 exact capped support	global no-ones D4 plus R=1..10 tagged labels 1 and (1-S);dim=32	Fraction exact after decimal discovery	0.8923588192669285	exact rational vector; negative target margin	unknown	unknown	Gain over global D4 is only .0003535292675889; matrix SHA 42778771157fca5161dd067e2f2c63c7fcf5d1080d08e06395b5c34f844552f3.
HB-C10-REF-NO1-D12	2026-09-01T21:00:00+02:00	941ee82bc72fd8488a95eb5e536fe47f8c95d39a1b618dae7d6ef7eb27122e52	k=48;A=77747/300000;support_epsilon=1/200;alpha=79247/300000;eta=76247/300000;delta=1/100;B_all=79247/300000	all orbit signatures without parts 1;degree<=12;dim=272	Fraction exact using 210-digit decimal vector	1.0030189929241073	exact positive quadratic margin for analytically infeasible reference support	1203.0	unknown	Not a sieve certificate; matrix SHA b882098bd6889ff251195b45153a2204e4df1c4ef843a2ae85dcc1b2fd3e041d; JSON SHA 719c656e6e45388273b4c27f51f7a18b33e9ed1abb5f883e6fcc5de5d6d64a87.
HB-C10-D12-ORBIT-ABORT	2026-09-01T20:25:00+02:00	eaffee350fa8cddc8d3b2765f2f6961c52e2f2207a4845ee7de2bfb4cd546a9a	k=48;A=77747/300000;support_epsilon=1/200;alpha=79247/300000;eta=76247/300000;delta=1/100;B1=B2=3/20;B3+=97/625	fixed full-simplex D12 rational vector;272 expanded labels;1575 I orbit groups	Fraction exact partial	NA	incomplete; aborted runtime falsification	390	unknown	Stopped cleanly at 20/1575 I orbit groups; no checkpoint or quotient. Per-orbit whole-support integration was falsified as the wrong granularity; not rerun under another name.
HB-C10-D12-BAND-DENSE-ABORT	2026-09-01T23:10:00+02:00	e4fbf7a97d061d362c32b54bf0d49a89c4195b965e96d7ab89a2581bc907c073	k=48;C10 exact capped support;sourceSHA=719c656e;bandsSHA=29d38a9e	20-channel dense immutable Decimal Jet on 12 D4 core plus H5..H12	Decimal90;workers=2	NA	incomplete; runtime-falsified before first form completed	850	unknown	Stopped cleanly without artifact after static operation audit projected 54--98h: every sparse 1--2 owner derivative was expanded to 20 Decimal channels inside each polynomial product. Superseded by exact-equivalent sparse/SoA operator; do not rerun.
HB-C10-D4-BAND-SPARSE-CAL	2026-09-01T23:10:00+02:00	db9df755e2e9e35c112d12c29bbb80ef10a9c492c44732a7543c03129bec7528	k=48;C10 exact capped support;sourceSHA=874db706;dps=60	12 individual D4 core directions; sparse/SoA value plus gradient	Decimal60;workers=1	0.896316051215913791671772576733959844179452642307947131271025	heuristic-gradient; complete 312 I faces/1200 J intersections	44.5485	25716	Exact dense-vs-sparse/pairwise/fork suite 7/7 PASS; I=6.3398s J=38.2088s; output SHA 9d01fbf09b7c78f1dc109a4e527d71af0a7f1e7c28a80ccaff6e56dcaf15c249; calibration only, not certificate.
HB-C20-D4-GROUPED-EXACT	2026-09-01T20:47:46+02:00	47167e92a0f346e969706dc282ccb2dfd4ac31a0a75b654938ffbe8423cf4a4a	k=48;A=1279/5000;support_epsilon=1/200;alpha=163/625;eta=627/2500;delta=1/50;B1=B2=3/20;B3+=17/100	fixed capped no-ones D4 rational vector;dim=12	Fraction exact;grouped face reconstruction;workers=2	0.8872735200643458	exact negative margin; independent regression	12.4217	parent=23596;max_child=18336	Exact quotient and margin equal independent structural fixed-vector reconstruction; output SHA 39a3f87570a7ca285716aacbd1258e4a663e721a6584ffec6946671b8f54e603; integrator SHA 941ee82bc72fd8488a95eb5e536fe47f8c95d39a1b618dae7d6ef7eb27122e52.
HB-C10-D12-CAPPED-FIXED-MP100	2026-09-01T22:45:00+02:00	47167e92a0f346e969706dc282ccb2dfd4ac31a0a75b654938ffbe8423cf4a4a	k=48;A=77747/300000;support_epsilon=1/200;alpha=79247/300000;eta=76247/300000;delta=1/100;B1=B2=3/20;B3+=97/625	fixed full-simplex no-ones D12 rational vector;dim=272	Decimal 100-digit grouped face reconstruction;workers=4	0.9709698476337895741123900041395560	non-rigorous multiprecision discovery; negative margin	7798.7101	parent=32684;max_child=317904	Decisive fixed-vector shortfall 0.0290301523662104258876099958604440; I=2.7875288276306926821592230624135828e-134; J=5.6387634188320203220629728487036346e-136; artifact SHA 02e1a6676a68380592fd272845f7714d583574bd74f73b9a96727171751281d9; input SHA 719c656e6e45388273b4c27f51f7a18b33e9ed1abb5f883e6fcc5de5d6d64a87; not a certificate.
HB-C10-D4-FULLVECTOR-CAPPED-EXACT	2026-09-01T22:46:00+02:00	47167e92a0f346e969706dc282ccb2dfd4ac31a0a75b654938ffbe8423cf4a4a	k=48;A=77747/300000;support_epsilon=1/200;alpha=79247/300000;eta=76247/300000;delta=1/100;B1=B2=3/20;B3+=97/625	fixed full-simplex no-ones D4 rational vector;dim=12	Fraction exact;grouped face reconstruction;workers=2	0.8963160512159083	exact negative margin	36.2745	parent=23728;max_child=18756	Exact C10 same-geometry regression; output SHA 51b1e6b36e289a69f7d52401ed9db7714e014a0182826f0e2d20a1f04b494874; input SHA ac48820277b68dd5232fd2678a7980d60318b69e60d15d44d9c6eb006fa1ea0d; differs from 0.8963676783427826 because that value uses the capped-support optimized Decimal55 vector, whose matching-vector exact reevaluation reproduces it.
HB-C10-D4-CAPOPT-VECTOR-EXACT-EVAL	2026-09-01T22:53:00+02:00	47167e92a0f346e969706dc282ccb2dfd4ac31a0a75b654938ffbe8423cf4a4a	k=48;A=77747/300000;support_epsilon=1/200;alpha=79247/300000;eta=76247/300000;delta=1/100;B1=B2=3/20;B3+=97/625	fixed capped-support Decimal55 generalized-eigenvector interpreted as 12 exact finite-decimal rationals;no-ones D4;dim=12	Fraction exact grouped evaluation of fixed vector	0.8963676783427826	exact negative margin for the recorded fixed vector	23.8277	unknown	Matching-vector reconciliation of HB-C10-NO1-D4-MP: exact quotient is 2556387961422765443261875857234966517552297532375906219359571929672046213243266908306011971527185470057293529976002838488007934024421188962492879177390579574117327713963371429799043444739191886390065247356347201873786191524391090199145743792485819681385342616755205453016152753116385249258406960931137042897020959774797556278345187260600656322694624803141460996241538241128112679543108823675252/2851941254897825000213478618444724251180439192133778871467493254027379105329760550386248408341430697445624120209523668890723530482824211573439061866776879414663187310353142530253096384141934492618097574381704696216713514318261773098875535058921165122272034447899982418533666598428196601127539170243334487026581550766110952335013643079323129368679331281105531736125226310742691532337610262178125; accepted exact-input artifact SHA 2b11a18c697e9a2be61204b5493bf7a235ce4add39d853bbb4d76ef31fb4666b; original source vector SHA e879d914f2c183c744476dc59244370898ac5c1f375bcb2529fe20bca2db73c6. This is distinct from the full-simplex-vector D4 input SHA ac488202....
HB-C10-COUNT-SCHEDULE-PROXY	2026-09-01T23:13:00+02:00	73ed594424037f2537f31aaa5f80ef4f99a0253b9cb1384962658be98d645d66	k=48;alpha=79247/300000;eta=76247/300000;delta=1/100;B=[3/20,3/20,97/625,15837/100000,16183/100000,8193/50000,16623/100000,16797/100000,16877/100000,17013/100000,1069/6250,17179/100000,17241/100000,17293/100000,17337/100000,543/3125,17411/100000,3489/20000]	R-tagged (L/alpha)^a(Z/alpha)^b;degree<=2;dim=108	float64 Gauss order 8	0.8538614898156554	heuristic only; proposed schedule not yet analytically certified	27.48	unknown	Count-dependent-cap discovery proxy; rank 104. Must not be cited as a sieve certificate.
HB-C10-CONSTANT-SCHEDULE-PROXY-O8	2026-09-01T23:14:00+02:00	73ed594424037f2537f31aaa5f80ef4f99a0253b9cb1384962658be98d645d66	k=48;alpha=79247/300000;eta=76247/300000;delta=1/100;B1=B2=3/20;B3+=97/625	R-tagged (L/alpha)^a(Z/alpha)^b;degree<=2;dim=96	float64 Gauss order 8	0.8537682150600729	heuristic only	27.02	unknown	Same-code/order baseline for HB-C10-COUNT-SCHEDULE-PROXY; heuristic gain 0.0000932747555825; rank 93.
MC-ORBIT-PROTOTYPE-POWERPRODUCT-D4-1K	2026-09-01T23:17:00+02:00	UNPINNED-TRANSIENT	k=48;C10 constant caps;samples=1000;seed=236;identical support A/B	fixed full-simplex no-ones D4 vector	float64 paired simplex Monte Carlo	0.47591830334416874	invalidated prototype	0.09	unknown	Wrongly evaluated monomial-orbit P_lambda as a product of power sums; identical-support gain was zero but absolute quotient is invalid. Retained as failed experiment, not rerun under a new name.
MC-ORBIT-PROTOTYPE-POWERPRODUCT-D4-100K	2026-09-01T23:17:30+02:00	UNPINNED-TRANSIENT	k=48;C10 constant caps;samples=100000;seed=236;identical support A/B	fixed full-simplex no-ones D4 vector	float64 paired simplex Monte Carlo	0.45474961944430914	invalidated prototype	0.48	unknown	Same monomial-orbit/power-product implementation error as the 1K run; deliberately recorded as a failure.
MC-ORBIT-D4-CANCELLATION-CHECK	2026-09-01T23:18:00+02:00	5575525588f8e73045694c44868112276c1920fb26f7057d28d6a8e62568f106	k=48;C10 constant caps;samples=100000;seed=236;identical support A/B	fixed full-simplex no-ones D4 vector	float64 paired simplex Monte Carlo	1.13471699325914	heuristic invalid for absolute quotient	0.66	unknown	Monomial-orbit recurrence repaired, but rare-event denominator sampling/cancellation misses exact capped q=0.8963160512; method fails absolute calibration.
MC-ORBIT-D12-CATASTROPHIC-CANCELLATION	2026-09-01T23:19:00+02:00	5575525588f8e73045694c44868112276c1920fb26f7057d28d6a8e62568f106	k=48;C10 constant caps;samples=10000;seed=236;identical support A/B	fixed full-simplex no-ones D12 vector	float64 paired simplex Monte Carlo	0.8587014636172101	invalidated by exact scale mismatch	0.98	unknown	Estimated I mean 1.325e-37 versus MP100 implied 1.949e-45: catastrophic polynomial cancellation makes float64 unusable. Monte Carlo fixed-vector support comparison retired unless multiprecision/stable evaluation is developed.
HB-C10-D4-EXPLICIT-SCHEDULE-EXACT	2026-09-01T23:31:00+02:00	a2127b5edb1fd4287f2e105884dee9db7fcd13a5fc36b7016f01680cbb381928	k=48;alpha=79247/300000;eta=76247/300000;delta=1/100;B=[3/20,3/20,97/625] constant-extended	fixed full-simplex no-ones D4 rational vector;dim=12	Fraction exact;explicit-schedule grouped reconstruction	0.8963160512159082457686602654	exact negative margin;bit-for-bit legacy regression	106.841	23412	Artifact results/c10_scheduled_constant_D4_exact.json SHA d18e82bd82e1a34ffc5d802c6153736c6042c710577f1dd16275c93c3bc05c42; canonical schedule SHA cbcfbf32a69c13bff8560ea3f580e4b033118661c0c7d468b2d30e9ab3c5bc9e; support SHA 6d0e6c6911495423ef8865234ac8ccdf5ddffda579be91a01ce2d68afe580921; matches pinned three-cap I,J and traversal counts exactly.
HB-C10-D4-STRATUM-AMPLITUDE-FULLVECTOR	2026-09-01T23:34:00+02:00	0d4b359e70632370e8454688eb51d006a0ed339734ba58ad1484129ae93ce55d	k=48;alpha=79247/300000;eta=76247/300000;delta=1/100;B1=B2=3/20;B3+=97/625	fixed full-simplex no-ones D4 polynomial times rational amplitude a_R;R=0..15	float64 eigendiscovery then Fraction exact rational amplitudes;independent block/direct equality	0.9002830597452611935374979517	exact fixed-vector quotient;negative target margin	191.188	36220	Baseline 0.8963160512159082457686602654; exact gain 0.003967008529352947768837686259; block and fresh branch-scaled direct traversal bit-for-bit; artifact results/c10_stratum_amplitude_fullD4_exact.json SHA 09ecb794833417e56537a43b65957ee70fc4d4c7bc17b944d9e02d12847dc87a.
HB-C10-D4-STRATUM-AMPLITUDE-CAPOPT	2026-09-01T23:37:00+02:00	0d4b359e70632370e8454688eb51d006a0ed339734ba58ad1484129ae93ce55d	k=48;alpha=79247/300000;eta=76247/300000;delta=1/100;B1=B2=3/20;B3+=97/625	fixed capped-optimal finite-decimal no-ones D4 polynomial times rational amplitude a_R;R=0..15	float64 eigendiscovery then Fraction exact rational amplitudes;independent block/direct equality	0.9000996926830291835518753426	exact fixed-vector quotient;negative target margin	116.713	36212	Baseline 0.8963676783427826288116142626; exact gain 0.003732014340246554740261079921; block and fresh branch-scaled direct traversal bit-for-bit; artifact results/c10_stratum_amplitude_cappedopt_D4_exact.json SHA 362b2b58938e3fdfdf0afd6916ddabce17cce71aa856795866f5d51f26dcb043.
HB-C10-EPS0025-PROXY-O8	2026-09-01T23:46:00+02:00	73ed594424037f2537f31aaa5f80ef4f99a0253b9cb1384962658be98d645d66	k=48;A=77747/300000;epsilon=1/400;alpha=78497/300000;eta=76997/300000;delta=1/100;B1=B2=3/20;B3+=97/625	R-tagged (L/alpha)^a(Z/alpha)^b;degree<=2;dim=96	float64 Gauss order 8	0.8544709558661934	heuristic only	33.42	unknown	Same-code epsilon scan; rank 93. Exact capped reconstruction required before use.
HB-C10-EPS001-PROXY-O8	2026-09-01T23:47:00+02:00	73ed594424037f2537f31aaa5f80ef4f99a0253b9cb1384962658be98d645d66	k=48;A=77747/300000;epsilon=1/1000;alpha=78047/300000;eta=77447/300000;delta=1/100;B1=B2=3/20;B3+=97/625	R-tagged (L/alpha)^a(Z/alpha)^b;degree<=2;dim=96	float64 Gauss order 8	0.8510012614198819	heuristic only	32.27	unknown	Same-code epsilon scan; smaller epsilon turns over by this point.
HB-C10-EPS003-PROXY-O8	2026-09-01T23:48:00+02:00	73ed594424037f2537f31aaa5f80ef4f99a0253b9cb1384962658be98d645d66	k=48;A=77747/300000;epsilon=3/1000;alpha=78647/300000;eta=76847/300000;delta=1/100;B1=B2=3/20;B3+=97/625	R-tagged (L/alpha)^a(Z/alpha)^b;degree<=2;dim=96	float64 Gauss order 8	0.8549924257573451	heuristic only	37.66	unknown	Same-code epsilon scan; rank 93.
HB-C10-EPS0035-PROXY-O8	2026-09-01T23:49:00+02:00	73ed594424037f2537f31aaa5f80ef4f99a0253b9cb1384962658be98d645d66	k=48;A=77747/300000;epsilon=7/2000;alpha=78797/300000;eta=76697/300000;delta=1/100;B1=B2=3/20;B3+=97/625	R-tagged (L/alpha)^a(Z/alpha)^b;degree<=2;dim=96	float64 Gauss order 8	0.8551796766981505	heuristic only	34.74	unknown	Best tested same-code epsilon proxy; heuristic gain 0.0014114616380776 over epsilon=1/200 baseline. Exact D4 falsification queued.
HB-C10-EPS004-PROXY-O8	2026-09-01T23:50:00+02:00	73ed594424037f2537f31aaa5f80ef4f99a0253b9cb1384962658be98d645d66	k=48;A=77747/300000;epsilon=1/250;alpha=78947/300000;eta=76547/300000;delta=1/100;B1=B2=3/20;B3+=97/625	R-tagged (L/alpha)^a(Z/alpha)^b;degree<=2;dim=96	float64 Gauss order 8	0.8550333650313265	heuristic only	35.98	unknown	Same-code epsilon scan; rank 93; suggests local proxy maximum near 7/2000.
HB-C95-PROXY-O8-MALFORMED	2026-09-02T00:02:00+02:00	73ed594424037f2537f31aaa5f80ef4f99a0253b9cb1384962658be98d645d66	k=48;A=77797/300000;epsilon=1/200;alpha=79297/300000;eta=76297/300000;delta=19/2000;B1=B2=3/20;B3+=1537/10000;only-three-cap-entries-passed	R-tagged (L/alpha)^a(Z/alpha)^b;degree<=2;wrong-dim=24	float64 Gauss order 8	0.787062166141805	invalidated malformed invocation	23.25	28548	The discovery script sizes its stratum basis from the explicit bounds-list length; passing only three entries silently omitted intended strata 4..16. Recorded as a failed experiment and not used.
HB-C95-PROXY-O8-CORRECTED	2026-09-02T00:04:00+02:00	73ed594424037f2537f31aaa5f80ef4f99a0253b9cb1384962658be98d645d66	k=48;A=77797/300000;epsilon=1/200;alpha=79297/300000;eta=76297/300000;delta=19/2000;B1=B2=3/20;B3+=1537/10000;explicit-through-m17	R-tagged (L/alpha)^a(Z/alpha)^b;degree<=2;dim=102	float64 Gauss order 8	0.8607947062960188	heuristic only; analytic support independently exact-checked	65.63	29324	Corrected stratum-complete invocation; rank 98. Exceeds same-code C10 proxy 0.8537682150600729.
HB-C90-PROXY-O8	2026-09-02T00:06:00+02:00	73ed594424037f2537f31aaa5f80ef4f99a0253b9cb1384962658be98d645d66	k=48;A=25949/100000;epsilon=1/200;alpha=26449/100000;eta=25449/100000;delta=9/1000;B1=B2=3/20;B3+=761/5000;explicit-through-m17	R-tagged (L/alpha)^a(Z/alpha)^b;degree<=2;dim=102	float64 Gauss order 8	0.8685542187545094	heuristic only; analytic support independently exact-checked	86.58	29468	Small-delta frontier scan; rank 99.
HB-C85-PROXY-O8	2026-09-02T00:08:00+02:00	73ed594424037f2537f31aaa5f80ef4f99a0253b9cb1384962658be98d645d66	k=48;A=77897/300000;epsilon=1/200;alpha=79397/300000;eta=76397/300000;delta=17/2000;B1=B2=3/20;B3+=1507/10000;explicit-through-m18	R-tagged (L/alpha)^a(Z/alpha)^b;degree<=2;dim=108	float64 Gauss order 8	0.8766096290810994	heuristic only; analytic support independently exact-checked	75.96	29592	Small-delta frontier scan; rank 105.
HB-C80-PROXY-O8	2026-09-02T00:10:00+02:00	73ed594424037f2537f31aaa5f80ef4f99a0253b9cb1384962658be98d645d66	k=48;A=77947/300000;epsilon=1/200;alpha=79447/300000;eta=76447/300000;delta=1/125;B_all=373/2500;explicit-through-m19	R-tagged (L/alpha)^a(Z/alpha)^b;degree<=2;dim=114	float64 Gauss order 8	0.8840410474532127	heuristic only; analytic support independently exact-checked	94.76	29668	Small-delta frontier scan; rank 110.
HB-C75-PROXY-O8	2026-09-02T00:12:00+02:00	73ed594424037f2537f31aaa5f80ef4f99a0253b9cb1384962658be98d645d66	k=48;A=25999/100000;epsilon=1/200;alpha=26499/100000;eta=25499/100000;delta=3/400;B_all=1477/10000;explicit-through-m20	R-tagged (L/alpha)^a(Z/alpha)^b;degree<=2;dim=120	float64 Gauss order 8	0.8891779045403271	heuristic only; analytic support independently exact-checked	121.11	29728	Small-delta frontier scan; rank 116.
HB-C70-PROXY-O8	2026-09-02T00:14:00+02:00	73ed594424037f2537f31aaa5f80ef4f99a0253b9cb1384962658be98d645d66	k=48;A=78047/300000;epsilon=1/200;alpha=79547/300000;eta=76547/300000;delta=7/1000;B_all=731/5000;explicit-through-m21	R-tagged (L/alpha)^a(Z/alpha)^b;degree<=2;dim=126	float64 Gauss order 8	0.8893942953574863	heuristic only; analytic support independently exact-checked	150.50	29892	Small-delta frontier scan; rank 123. Best of the coarse grid through this run.
HB-C662-PROXY-O8	2026-09-02T00:15:00+02:00	73ed594424037f2537f31aaa5f80ef4f99a0253b9cb1384962658be98d645d66	k=48;A=15617/60000;epsilon=1/200;alpha=15917/60000;eta=15317/60000;delta=331/50000;B_all=7253/50000;explicit-through-m22	R-tagged (L/alpha)^a(Z/alpha)^b;degree<=2;dim=132	float64 Gauss order 8	0.8844121286793161	heuristic only; analytic support independently exact-checked	121.91	29916	Small-delta frontier scan; rank 128. Turnover below C70; C662 is not the low-degree proxy winner.
HB-C72-PROXY-O8	2026-09-02T00:17:00+02:00	73ed594424037f2537f31aaa5f80ef4f99a0253b9cb1384962658be98d645d66	k=48;A=26009/100000;epsilon=1/200;alpha=26509/100000;eta=25509/100000;delta=9/1250;B_all=367/2500;explicit-through-m21	R-tagged (L/alpha)^a(Z/alpha)^b;degree<=2;dim=126	float64 Gauss order 8	0.8900985838661405	heuristic only; point lies on proved rational frontier family but exact point audit pending	63.24	29868	Fine small-delta frontier scan; rank 122. Better than coarse C70 and C75 proxies.
HB-C73-PROXY-O8	2026-09-02T00:19:00+02:00	73ed594424037f2537f31aaa5f80ef4f99a0253b9cb1384962658be98d645d66	k=48;A=78017/300000;epsilon=1/200;alpha=79517/300000;eta=76517/300000;delta=73/10000;B_all=1471/10000;explicit-through-m21	R-tagged (L/alpha)^a(Z/alpha)^b;degree<=2;dim=126	float64 Gauss order 8	0.8900271099910908	heuristic only; point lies on proved rational frontier family but exact point audit pending	63.51	30076	Fine small-delta frontier scan; rank 122. Turnover relative to C72 local proxy.
HB-C10-NONCONSTANT-D4-MATRIX-EXACT	2026-09-02T00:17:00+02:00	06f79a13dbf172f40716d603ae8d824b5f65d2d69ed08dee59bd5c091821c4d0	k=48;alpha=79247/300000;eta=76247/300000;delta=1/100;explicit-count-schedule-SHA=9c2f4087	no-ones degree<=4;dim=12;78 exact pairwise moments	Fraction matrix;Decimal120 eigen-discovery;vector rationalized denominator<=10^12	0.8986948736808947779503198417994740524393	exact fixed rational-vector quotient;negative margin	1851.261	unknown	Matrix SHA 6513e3835540b14037ffc8c62219083742e02c0b67e255ee85af0311c5e6250d; artifact SHA a55a020270072adf0eefc0175bdb012e424b6fc189c7d1e7aac74e17757dcbbb; grouped matching-vector reconstruction SHA 73fa22176730b9a443582df46cea5c0737798e9ebea6fb7a9a0ce534e522ba05 matches exactly with 333 I faces/1283 J branch integrals. Gain over fixed-vector schedule evaluation is only 0.00000089594546042.
HB-C10-D4-INDEPENDENT-CHECKER	2026-09-02T00:05:00+02:00	1787e7b482a5c2982de56486bc774794f6e671b3db4d9ab7207ebb1c85dc079c	k=48;target C10 capped geometry;raw-input-SHA=ac488202;forward;workers=2	fixed full-simplex no-ones D4 rational vector;dim=12	Fraction exact;cache-free ordered-branch reconstruction	0.8963160512159082457686602654	formal scoped audit PASS for reconstruction;expected negative certificate exit=1	unknown	unknown	Persisted output SHA 2e7c072c87f143e5213db9eccb4a5f864cc9e46c79f978d4dd5f4a0c928a3763; I,J,M2,margin,quotient direct strings all match producer; canonical scalar tuple SHA 2ae7ea4d4741b3e4e280e4c7e9050a544a06b2401c4a15731fbf606f138e16f2; 43 tests pass normal and -O. D4 plumbing audit only, not a D12 sign claim.
HB-C715-PROXY-O8	2026-09-02T00:30:00+02:00	73ed594424037f2537f31aaa5f80ef4f99a0253b9cb1384962658be98d645d66	k=48;A=4877/18750;epsilon=1/200;alpha=19883/75000;eta=19133/75000;delta=143/20000;B_all=2933/20000;explicit-through-m21	R-tagged (L/alpha)^a(Z/alpha)^b;degree<=2;dim=126	float64 Gauss order 8	0.8900344719688988	heuristic only; correctly dimensioned local-frontier scan	87.32	30072	Below the already-ledgered C72 value 0.8900985838661405; rank 122. No high-degree inference.
HB-C725-PROXY-O8	2026-09-02T00:32:00+02:00	73ed594424037f2537f31aaa5f80ef4f99a0253b9cb1384962658be98d645d66	k=48;A=39011/150000;epsilon=1/200;alpha=39761/150000;eta=38261/150000;delta=29/4000;B_all=2939/20000;explicit-through-m21	R-tagged (L/alpha)^a(Z/alpha)^b;degree<=2;dim=126	float64 Gauss order 8	0.8900946332583424	heuristic only; correctly dimensioned local-frontier scan	83.80	30112	Slightly below the already-ledgered C72 value; turnover is between C72 and C725 or very near them. Rank 122; no high-degree inference.
GM-CONSTANT-K-DIAGNOSTIC	2026-09-02T00:36:27+02:00	ddb357255aab01cf0edc98667a83519f10643e12952d475076c5b361b6ef8195	k=48;c2=24;one-stratum-full-simplex;C10-and-two-tiny-epsilon-cases	F=1;repaired-K-form-inferred-from-Proposition-1-proof	Fraction exact	N/A	exact algebraic diagnostic;not a sieve certificate	0.1	unknown	At C10 epsilon=1/200, exact negative quotient penalty k*c2*K/I is 630.0169829117774...; at epsilon=1/100000 and 1/1000000 it is 0.007690066073537503... and 0.00007706962401713674.... Formula and theorem gaps in GENERAL-MINORANT-K-REPAIR.md SHA f843023f....
HB-C10-LZSTRAT-D3-PROXY-O10	2026-09-02T00:39:00+02:00	73ed594424037f2537f31aaa5f80ef4f99a0253b9cb1384962658be98d645d66	k=48;alpha=79247/300000;eta=76247/300000;delta=1/100;B1=B2=3/20;B3+=97/625;explicit-through-m16	1_R*(L/alpha)^a*(Z/alpha)^b;a+b<=3;dim=160	float64 piecewise Gauss order 10	0.8951928124645538	heuristic only;rank=147	90	unknown	Same-code comparator for the small-delta D3 runs; I-normalized Gram cutoff 1e-12. No exact or interval error bound.
HB-C72-LZSTRAT-D3-PROXY-O10	2026-09-02T00:42:00+02:00	73ed594424037f2537f31aaa5f80ef4f99a0253b9cb1384962658be98d645d66	k=48;alpha=26509/100000;eta=25509/100000;delta=9/1250;B_all=367/2500;explicit-through-m21	1_R*(L/alpha)^a*(Z/alpha)^b;a+b<=3;dim=210	float64 piecewise Gauss order 10	0.9087878437802357	heuristic only;rank=195	133	unknown	Small-delta gain over the same-code C10 D3 comparator is 0.0135950313156819. No high-degree or rigorous inference.
HB-C722-LZSTRAT-D3-PROXY-O10	2026-09-02T00:45:00+02:00	73ed594424037f2537f31aaa5f80ef4f99a0253b9cb1384962658be98d645d66	k=48;A=3121/12000;alpha=3181/12000;eta=3061/12000;delta=361/50000;B_all=7343/50000;explicit-through-m21	1_R*(L/alpha)^a*(Z/alpha)^b;a+b<=3;dim=210	float64 piecewise Gauss order 10	0.9090764241239737	heuristic only;rank=195	159	unknown	Refined small-delta point. Direct-HB support has an independent exact audit, but this quotient is discovery-only and uses an I-normalized Gram cutoff 1e-12.
HB-C722-LZSTRAT-D4-PROXY-O10	2026-09-02T00:52:00+02:00	73ed594424037f2537f31aaa5f80ef4f99a0253b9cb1384962658be98d645d66	k=48;A=3121/12000;alpha=3181/12000;eta=3061/12000;delta=361/50000;B_all=7343/50000;explicit-through-m21	1_R*(L/alpha)^a*(Z/alpha)^b;a+b<=4;dim=315	float64 piecewise Gauss order 10	0.9157913260951334	heuristic only;rank=259	273	unknown	Discovery-only continuation of the C722 L/Z stratum basis. Tiny negative Gram eigenvalues and the 1e-12 relative cutoff make exact or interval reconstruction mandatory; still 0.0842 below target.
HB-C722-PROXY-O8	2026-09-02T00:35:00+02:00	73ed594424037f2537f31aaa5f80ef4f99a0253b9cb1384962658be98d645d66	k=48;A=3121/12000;epsilon=1/200;alpha=3181/12000;eta=3061/12000;delta=361/50000;B_all=7343/50000;explicit-through-m21	R-tagged (L/alpha)^a(Z/alpha)^b;degree<=2;dim=126	float64 Gauss order 8	0.8901049457280300	heuristic only; correctly dimensioned local-frontier scan	86.74	30216	Exceeds C72 by 0.0000063618618895 and C725 by 0.0000103124696876; local turnover now bracketed above 0.00722. Rank 122; no high-degree inference.
HB-C723-PROXY-O8	2026-09-02T00:37:00+02:00	73ed594424037f2537f31aaa5f80ef4f99a0253b9cb1384962658be98d645d66	k=48;A=3251/12500;epsilon=1/200;alpha=6627/25000;eta=6377/25000;delta=723/100000;B_all=14689/100000;explicit-through-m21	R-tagged (L/alpha)^a(Z/alpha)^b;degree<=2;dim=126	float64 Gauss order 8	0.8901048964852988	heuristic only; correctly dimensioned local-frontier scan	69.84	30028	Lower than C722 by 0.0000000492427312, locating the order-8 turnover in [0.00722,0.00723]. Rank 122; no high-degree inference.
HB-C722-PROXY-O10	2026-09-02T00:41:00+02:00	73ed594424037f2537f31aaa5f80ef4f99a0253b9cb1384962658be98d645d66	k=48;A=3121/12000;epsilon=1/200;alpha=3181/12000;eta=3061/12000;delta=361/50000;B_all=7343/50000;explicit-through-m21	R-tagged (L/alpha)^a(Z/alpha)^b;degree<=2;dim=126	float64 Gauss order 10	0.8901049226133916	heuristic only; quadrature-order stability comparison	120.41	30060	Differs from the order-8 C722 proxy by -0.0000000231146384; rank 122. Stability check only, not rigorous quadrature or a high-degree inference.
HB-C722-COUNT-SCHEDULE-PROXY-O10	2026-09-02T00:47:00+02:00	73ed594424037f2537f31aaa5f80ef4f99a0253b9cb1384962658be98d645d66	k=48;A=3121/12000;epsilon=1/200;alpha=3181/12000;eta=3061/12000;delta=361/50000;exact-schedule-SHA=8c67d65544a8f6036bae6f868eb937cabe963eaec12ec59e3a9fb537a9695f17;explicit-through-first-empty-m25	R-tagged (L/alpha)^a(Z/alpha)^b;degree<=2;dim=150	float64 Gauss order 10	0.8965312844893856	heuristic only; exact analytic prefix audit PASS but quotient is discovery-only	183.56	30472	Same-code/order gain 0.0064263618759940 over constant C722; rank 144. Exact prefix worst margin 56499669613/285000000000000 at (24,24). Do not infer high-degree gain.
HB-C722-EPS003-PROXY-O8	2026-09-02T00:51:00+02:00	73ed594424037f2537f31aaa5f80ef4f99a0253b9cb1384962658be98d645d66	k=48;A=3121/12000;epsilon=3/1000;alpha=3157/12000;eta=617/2400;delta=361/50000;B_all=7343/50000;explicit-through-m21	R-tagged (L/alpha)^a(Z/alpha)^b;degree<=2;dim=126	float64 Gauss order 8	0.8899972105656453	heuristic only; epsilon scan at constant C722	113.74	29820	Below epsilon=1/200 same-code value 0.8901049457280300. Analytic modulus exponent remains 2A because epsilon cancels; no high-degree inference.
HB-C722-EPS0035-PROXY-O8	2026-09-02T00:54:00+02:00	73ed594424037f2537f31aaa5f80ef4f99a0253b9cb1384962658be98d645d66	k=48;A=3121/12000;epsilon=7/2000;alpha=3163/12000;eta=3079/12000;delta=361/50000;B_all=7343/50000;explicit-through-m21	R-tagged (L/alpha)^a(Z/alpha)^b;degree<=2;dim=126	float64 Gauss order 8	0.8902149038632858	heuristic only; epsilon scan at constant C722	102.99	29924	Gain 0.0001099581352558 over epsilon=1/200 at order 8. Analytic modulus exponent remains 2A because epsilon cancels; no high-degree inference.
HB-C722-EPS004-PROXY-O8	2026-09-02T00:57:00+02:00	73ed594424037f2537f31aaa5f80ef4f99a0253b9cb1384962658be98d645d66	k=48;A=3121/12000;epsilon=1/250;alpha=3169/12000;eta=3073/12000;delta=361/50000;B_all=7343/50000;explicit-through-m21	R-tagged (L/alpha)^a(Z/alpha)^b;degree<=2;dim=126	float64 Gauss order 8	0.8902467299201087	heuristic only; epsilon scan at constant C722	104.22	30260	Best of epsilon={3/1000,7/2000,1/250,1/200}; gain 0.0001417841920787 over epsilon=1/200. Analytic modulus exponent remains 2A because epsilon cancels; no high-degree inference.
HB-C722-EPS004-COUNT-SCHEDULE-PROXY-O10	2026-09-02T01:04:00+02:00	73ed594424037f2537f31aaa5f80ef4f99a0253b9cb1384962658be98d645d66	k=48;A=3121/12000;epsilon=1/250;alpha=3169/12000;eta=3073/12000;delta=361/50000;exact-schedule-SHA=8c67d65544a8f6036bae6f868eb937cabe963eaec12ec59e3a9fb537a9695f17;explicit-through-first-empty-m25	R-tagged (L/alpha)^a(Z/alpha)^b;degree<=2;dim=150	float64 Gauss order 10	0.8966065840562906	heuristic only; exact analytic support audit PASS but quotient is discovery-only	153.20	30476	Gain 0.0000752995669050 over the same schedule at epsilon=1/200 and 0.0065016614428990 over constant C722 epsilon=1/200, all order 10. Rank 144; tiny negative I eigenvalue -1.91e-16 is floating roundoff/ill-conditioning. Do not infer high-degree gain.
HB-C722-EPS004-SCHEDULE-FULLVECTOR-D4-EXACT	2026-09-02T01:00:24+02:00	a2127b5edb1fd4287f2e105884dee9db7fcd13a5fc36b7016f01680cbb381928	k=48;A=3121/12000;epsilon=1/250;alpha=3169/12000;eta=3073/12000;delta=361/50000;beta-schedule-file-SHA=33baffcd08b5262cf75a2767bf49da198a29cd31ee8bc7c49dafae65a1e59e2a	fixed C10 full-simplex no-ones D4 rational vector;dim=12	Fraction exact;scheduled grouped traversal;workers=1	0.8542207743612491	exact negative margin for transferred vector;not reoptimized	191.896	24972	Artifact SHA 9d56ba9cc82e2ab78b99516c458a2dbc29009ab407ffd1bb969464a10ad324d7; 625 I faces and 2468 J branch integrals. Strong mismatch with the optimized D2 L/Z proxy proves reoptimization is essential and gives no D12 sign information.
HB-C722-EPS004-SCHEDULE-LZSTRAT-D3-PROXY-O10	2026-09-02T01:05:00+02:00	73ed594424037f2537f31aaa5f80ef4f99a0253b9cb1384962658be98d645d66	k=48;A=3121/12000;epsilon=1/250;alpha=3169/12000;eta=3073/12000;delta=361/50000;schedule-SHA=8c67d65544a8f6036bae6f868eb937cabe963eaec12ec59e3a9fb537a9695f17;explicit-through-m28	1_R*(L/alpha)^a*(Z/alpha)^b;a+b<=3;dim=250	float64 piecewise Gauss order 10	0.9192874841541272	heuristic only;rank=227	213	unknown	Count-scheduled richer-basis proxy; improves the constant-C722 epsilon=1/200 D3 comparator by about 0.01021. Tiny Gram eigenvalues/cutoff require exact reconstruction; still 0.0807 below target.
HB-C722-EPS004-SCHEDULE-LZSTRAT-D4-PROXY-O10	2026-09-02T01:10:00+02:00	73ed594424037f2537f31aaa5f80ef4f99a0253b9cb1384962658be98d645d66	k=48;A=3121/12000;epsilon=1/250;alpha=3169/12000;eta=3073/12000;delta=361/50000;schedule-SHA=8c67d65544a8f6036bae6f868eb937cabe963eaec12ec59e3a9fb537a9695f17;explicit-through-m28	1_R*(L/alpha)^a*(Z/alpha)^b;a+b<=4;dim=375	float64 piecewise Gauss order 10	0.9278370036082582	heuristic only;rank=299	330	unknown	Discovery-only. The L/Z-stratum subspace remains 0.07216 below one at D4, so it is a correction family rather than a standalone closing route unless higher degrees change the trend sharply.
HB-C70-D4-POWER-CANDIDATE-INVALIDATED	2026-09-02T01:13:00+02:00	06f79a13dbf172f40716d603ae8d824b5f65d2d69ed08dee59bd5c091821c4d0	k=48;A=78047/300000;epsilon=1/200;alpha=79547/300000;eta=76547/300000;delta=7/1000;B_all=731/5000	no-ones D4;dim=12	78 exact Fraction moments;Decimal120 power-discovered rational vector	0.803791008357946992200350903754	exact particular-vector forms; optimizer inference invalidated	3226.188	unknown	Matrix SHA 83e3ef4aa3727fed0e568f021ae95b3b5f7962b3aa6212ab833ecd613bdcf543; artifact SHA 48c37ccc7fd0b77afa12347d0933f140f53e440778b7d6a884f4a1666dd50918. Power iteration selects largest magnitude, not necessarily largest algebraic eigenvalue; retain as failed experiment only.
HB-C70-D4-ROBUST-CHOLESKY-JACOBI	2026-09-02T01:15:00+02:00	2086244acb674e5bd92e4880fb38d32d6dd981cd0272db595de2578554da257e	k=48;A=78047/300000;epsilon=1/200;alpha=79547/300000;eta=76547/300000;delta=7/1000;B_all=731/5000	no-ones D4;dim=12	Decimal160/240 symmetric Cholesky-Jacobi discovery; rational vector exact Fraction contraction	0.803791008357946992200350921223	exact particular-vector negative; eigenvalue discovery non-rigorous cross-checked	0.7	unknown	Matrix SHA 83e3ef4aa3727fed0e568f021ae95b3b5f7962b3aa6212ab833ecd613bdcf543; artifact SHA 8c1d73ac7a0cd65331bd02affca757403a3930227bbf4390e96ababbabf24d28; Decimal160/240 Rayleigh values agree through 158 digits, residual bounds 5.19e-243/6.67e-310. Test SHA bf30d04d includes {-10,2} indefinite-pencil failure mode.
HB-C722-EPS004-SCHEDULE-LZSTRAT-D2-EXACT	2026-09-02T01:17:34+02:00	d890ccb7b67b404411cbcaf08bf4198a04a5f69844e21ba60b2ea267b4c1914f	k=48;A=3121/12000;epsilon=1/250;alpha=3169/12000;eta=3073/12000;delta=361/50000;schedule-SHA=8c67d65544a8f6036bae6f868eb937cabe963eaec12ec59e3a9fb537a9695f17;active-R=0..24	1_R*(L/alpha)^a*(Z/alpha)^b;a+b<=2;dim=150	Fraction exact shifted inclusion-exclusion; rational vector exact contraction	0.89660694768491289	exact particular-vector quotient;positive exact shortfall;not a sieve certificate	73.63	36000	Matrix SHA e808a08f43a346022180aca9ea81ce468c07e535f7525b1bdf7a858637d5ba27; vector SHA b5416260725552c3424b99af2ca16ef9fd0775b04282545ba3e8f02bf8c2d5e3; fail-closed reconstruction PASS normal and -O; matrix/direct fixed-vector contractions bitwise equal; 1-q=0.10339305231508711....
HB-C722-EPS004-SCHEDULE-LZSTRAT-D3-EXACT	2026-09-02T01:32:00+02:00	d890ccb7b67b404411cbcaf08bf4198a04a5f69844e21ba60b2ea267b4c1914f	k=48;A=3121/12000;epsilon=1/250;alpha=3169/12000;eta=3073/12000;delta=361/50000;schedule-SHA=8c67d65544a8f6036bae6f868eb937cabe963eaec12ec59e3a9fb537a9695f17;active-R=0..24	1_R*(L/alpha)^a*(Z/alpha)^b;a+b<=3;dim=250	Fraction exact;Decimal60/100 block whitening;exact rational vector	0.91928830398447925	exact particular-vector quotient;cache-free/direct reconstruction PASS;optimality non-rigorous	305.23	59076	Matrix SHA c9da4795244885613d4c04a2ca71c7ceedabf7fb7d7fdd3952d55afc9aece699; robust vector SHA 37260c8d0b1263ec49c5c153fa16ce4fcd724451d7ecabddcfc1c349adab4e2e; 60/100-digit eig 0.9192883039844795 identical; checker 253.51s/32984KB.
HB-C722-EPS004-SCHEDULE-LZSTRAT-D4-EXACT	2026-09-02T01:50:00+02:00	d890ccb7b67b404411cbcaf08bf4198a04a5f69844e21ba60b2ea267b4c1914f	k=48;A=3121/12000;epsilon=1/250;alpha=3169/12000;eta=3073/12000;delta=361/50000;schedule-SHA=8c67d65544a8f6036bae6f868eb937cabe963eaec12ec59e3a9fb537a9695f17;active-R=0..24	1_R*(L/alpha)^a*(Z/alpha)^b;a+b<=4;dim=375	Fraction exact;Decimal60/100 block whitening;exact rational vector	0.92976162456957312	exact particular-vector quotient;cache-free/direct reconstruction PASS;optimality non-rigorous	558.00	103088	Matrix SHA 9744efd54f94039f813a14a41a6de44d6fcb45e29ee0ce25930193331dd38c8e; robust vector SHA 2ec651b0358d64ddaf3d045aa62f76560104024555838fbe1f0de370b4d7ef8a; 60/100-digit eig identical; checker 554.80s/45988KB; exact shortfall 0.07023837543042688....
HB-C722-D4-P2-RESIDUAL-PRUNED	2026-09-02T01:58:56+02:00	7fb37c9d15e7ab95f91653b89f927ac26b32ead2454f37e4a72c38e694409808	C722-epsilon=1/250;D4-base-SHA=9744efd54f94039f813a14a41a6de44d6fcb45e29ee0ce25930193331dd38c8e;p2-tags-R=4,5,6,7	H_r=1_R*sum(t_i^2)/alpha^2 appended one at a time	Fraction exact cross forms;Decimal100 novelty;float64 two-vector solve	best-R5-gain=0.00000348158236185	exact cross/residual;heuristic two-vector gain;route retired by <0.01 and base<0.96 gate	66.72	87808	Artifact SHA 1adfc88890caf3a08fc94ec492c13751f39a61f22be2387eaa65860fda554822; scores R5=.0109571,R6=.0107243,R4=.00894356,R7=.00854520; full four-column append intentionally stopped.
HB-C10-D4-STRATUM-LINEAR-CAPOPT-EXACT	2026-09-02T01:28:00+02:00	7400369a2e0e321ed032374f1e45f35785b0f0c53a085af18bf5ec2cb3c80162	k=48;A=77747/300000;epsilon=1/200;alpha=79247/300000;eta=76247/300000;delta=1/100;B1=B2=3/20;B3+=97/625	fixed capped-optimal no-ones D4 F0 times 1_R*span{1,L,Z};48 coordinates;47 exact-PD discovery coordinates	float64 discovery after exact Gram null pruning; rational vector exact block and fresh traversal	0.934826920717467285811563278064	exact particular-vector negative;block/direct PASS	624.670	38096	Artifact SHA ffa607e0f2a8a3b6648f248efb13dc7ac2f1e7ef5809771f31c5f04b30f53158; input SHA 2b11a18c; discarded only [R=0,L]; 312 I faces/1200 J domains/8556 channel integrals. Gain .038459242374684657 over F0 and .034727228034438102 over scalar amplitudes; shortfall .065173079282532714.
GM-PROP3-SCALAR-ENDPOINT-ENVELOPE	2026-09-02T01:34:06+02:00	072997bd8f91800a2ab6c1fcec24c2dfd47aef55074ba553222b34b873625fbf	xi2<7/17;delta>0;Harman-epsilon=1e-10;printed-Proposition3-condition-II	constant-function repaired-K diagnostic plus scalar A_n envelope	Fraction exact	N/A	exact necessary-condition derivation;not a sieve certificate	0.1	unknown	Printed conditions force A_n<143/544 in the delta,h->0 limit. C722 alpha exceeds this by 31/25500, so a general-minorant endpoint gain needs support epsilon>0.001215686...; at optimistic A=143/544 and epsilon=1/1000 the constant-function 48*24*K/I penalty is 59.3357191230.... Arbitrary upper-sliver-suppressing F is not ruled out.
HB-C10-D4-STRATUM-LINEAR-PRUNE-DISCOVERY	2026-09-02T01:47:01+02:00	d2b5eac4983e8a34485b526aeccdb3eb2b844936479dc2c66699791b049e74cd	input-exact-artifact-SHA=ffa607e0f2a8a3b6648f248efb13dc7ac2f1e7ef5809771f31c5f04b30f53158;Gram-cutoff=1e-12	all 16 scalar stratum amplitudes plus L/Z through selected R cutoff	float64 whitening of serialized exact matrices	0.93482689937096564	heuristic subspace ranking only;R<=10 L/Z;rank37	0.1	unknown	Full D1 float value .93482692071746465. L/Z through R<=10 loses 2.13e-8; through R<=11 gives .93482692049699168. Used only to select a cheaper D12 pilot; not an exact quotient or full-space optimum.
HB-C10-D4-STRATUM-QUADRATIC-CAPOPT-EXACT	2026-09-02T02:12:00+02:00	62dad8c96005bdb06945552a36b6dc35cecea6633daa5f3cf06e514a6aa77234	k=48;A=77747/300000;epsilon=1/200;alpha=79247/300000;eta=76247/300000;delta=1/100;B1=B2=3/20;B3+=97/625	fixed capped-optimal no-ones D4 F0 times 1_R*span{1,L,Z,L^2,LZ,Z^2};96 coordinates;93 exact-PD discovery coordinates	Decimal100/160 robust all-spectrum discovery; rational vector exact block and fresh traversal	0.953967438848550778577874658671	exact particular-vector negative;block/direct PASS	2266.50	50104	Artifact SHA fbc8c38d2cf4241fdba03beb4251e2692e96af01ad4918c9a3a1075af2ed6e86; input SHA 2b11a18c; discarded [R=0,L],[R=0,L^2],[R=0,LZ]; 312 I faces/1200 J domains/31980 channel integrals. Exact gain .0191405181310834927663113806072 over D1; shortfall .0460325611514492214221253413290; block/direct bitwise equality.
HB-C10-D4-STRATUM-LINEAR-BATCHED-CALIBRATION	2026-09-02T02:20:00+02:00	ba3ff83b186e7784634a97bf82f13ae3abdd4a4e753b226f0eaed23d659dfbc0	k=48;C10 support;fixed-base-input-SHA=2b11a18c;affine-cutoff-R=10	all 16 constants plus L/Z through R<=10;38 nominal/37 retained	Decimal100 and independent Decimal160 rerun	0.934826899370968581242309526380	non-rigorous discovery calibration;all exact-entry comparisons PASS	46.41	child RSS recorded in artifacts	Dps100 artifact SHA af9d1ff299bd49aecdfd151ba3dec04e9fadb69d4ce7451d3d787b3e16a6d8b9; dps160 SHA96e0655e0ace238cc561aa654d1facb8ac1e93257835f3ad174efef42d09d42e. Independent checker compared 71 I and168 J entries to exact Fraction D4 forms; worst relative errors1.36e-60/4.89e-120. Driver/test/checker SHAs ba3ff83b/737c765f/dc16f9da; exact serial==fork2 unit regression PASS.
HB-C10-D4-STRATUM-QUADRATIC-PRUNE-DISCOVERY	2026-09-02T02:15:10+02:00	1809fbf68f6ce0fef42ce2033f47c22b80f425253eb77ccb8aa90f1454bff527	input-exact-artifact-SHA=fbc8c38d2cf4241fdba03beb4251e2692e96af01ad4918c9a3a1075af2ed6e86;Gram-cutoff=1e-12	all 16 constants;L/Z through R<=11;L^2/LZ/Z^2 through R<=12;79 nominal coordinates	float64 whitening of serialized exact matrices	0.95396743732818334	heuristic subspace/cost ranking only;retained rank76	0.7	unknown	Full D2 float value .95396743884929902. Selected truncation loses about 1.52e-9 at D4; normal and -O output agree. Used only to select the D12 pilot, not as an exact quotient or an optimum claim.
HB-C722-EPS004-SCHEDULE-LZSTRAT-D3-EXACT	2026-09-02T01:57:00+02:00	ac8f6ca9b34d3c2bd4fd17e57a413c0e8c10fee1b298f8be6dd72eb14f6ea1a7	k=48;A=3121/12000;epsilon=1/250;alpha=3169/12000;eta=3073/12000;delta=361/50000;schedule-SHA=8c67d65544a8f6036bae6f868eb937cabe963eaec12ec59e3a9fb537a9695f17;active-R=0..24	1_R*(L/alpha)^a*(Z/alpha)^b;a+b<=3;dim=250	Fraction exact matrices;Decimal60/100 block discovery;rational vector exact contraction	0.919288303984479267146145223928	exact particular-vector quotient;positive exact shortfall;not a sieve certificate	unknown	unknown	Matrix SHA c9da4795244885613d4c04a2ca71c7ceedabf7fb7d7fdd3952d55afc9aece699; vector SHA 37260c8d0b1263ec49c5c153fa16ce4fcd724451d7ecabddcfc1c349adab4e2e; cache-free matrix/direct reconstruction PASS; 1-q=.0807116960155207328538547760722. Not an upper bound on the finite-space optimum.
HB-C722-EPS004-SCHEDULE-LZSTRAT-D4-EXACT	2026-09-02T02:00:00+02:00	ac8f6ca9b34d3c2bd4fd17e57a413c0e8c10fee1b298f8be6dd72eb14f6ea1a7	k=48;A=3121/12000;epsilon=1/250;alpha=3169/12000;eta=3073/12000;delta=361/50000;schedule-SHA=8c67d65544a8f6036bae6f868eb937cabe963eaec12ec59e3a9fb537a9695f17;active-R=0..24	1_R*(L/alpha)^a*(Z/alpha)^b;a+b<=4;dim=375	Fraction exact matrices;Decimal60/100 block discovery;rational vector exact contraction	0.929761624569573128254855163296	exact particular-vector quotient;positive exact shortfall;not a sieve certificate	554.8	46000	Matrix SHA 9744efd54f94039f813a14a41a6de44d6fcb45e29ee0ce25930193331dd38c8e; vector SHA 2ec651b0358d64ddaf3d045aa62f76560104024555838fbe1f0de370b4d7ef8a; cache-free checker rebuilt all 375 columns and matched matrix/direct contractions bitwise; 1-q=.0702383754304268717451448367036. Not an upper bound on the finite-space optimum.
BV-EDGES-D30-POWER-INVALIDATED	2026-09-02T02:09:00+02:00	f660a30d8dd83f13459e0412ded1e28c7ec0864abb41ad04a396475a7905e1d4	k=48;A=1/4;epsilon=3/400;alpha=103/400;eta=97/400;B_all=103/400	even D4 plus radial,P2,one-part,and all-P2 edges through D30;dim=88	Fraction exact matrix;unscaled float and Decimal power discovery;denominator<=10^18 rationalization	0.22730828993025498	invalidated discovery vector;exact forms but catastrophic rationalization	507.26	53208	Matrix SHA db72c19fe031b429e7faf2804aab7d2d69714a710cc9cba9f05bab1c8cb14e94; raw artifact SHA 51a78f81352ecfc3fa285f6b71608d868dcc1d0b1eacc2506f932b653141b896. Float claimed impossible 28.53 and Decimal claimed .881; coefficient scale made limit_denominator destroy the vector. Superseded by the rank-pruned exact-vector row; retained as a failed experiment.
BV-EDGES-D30-RANKPRUNED-EXACT	2026-09-02T02:10:38+02:00	24e695fafb91db82bb62c5ca1a0e04249765bf1ff7cba4aa29a16f43a0a3469e	k=48;A=1/4;epsilon=3/400;alpha=103/400;eta=97/400;B_all=103/400;matrixSHA=db72c19f	even D4 plus radial,P2,one-part,and all-P2 edges through D30;dim=88	float64 diagonal scaling;relative Gram cutoffs 1e-8..1e-14;15-significant-digit rational vector;Fraction exact contraction	0.8802692846552002	exact particular-vector negative;discovery eigensolve heuristic;not a finite-space upper bound	2.1 cache-hit postprocess;matrix build 500.0	53208	Winner retained rank 38 at cutoff 1e-14; scaled Gram min eigenvalue -1.04e-14 exposes ill-conditioning. Artifact SHA c5efe9dc3cab9f50bfc316b8c9e3f5db472922a85cd914e1716455e1c7a44264. Edge-only subfamily is uncompetitive with BV D14 and retired; adding edges to the D14 core remains logically untested.
BV-AQUARTER-EVEN-D14-SOURCEBOUND-REPRO	2026-09-02T02:21:07+02:00	941ee82bc72fd8488a95eb5e536fe47f8c95d39a1b618dae7d6ef7eb27122e52	k=48;A=1/4;epsilon=3/400;alpha=103/400;eta=97/400;delta=7/250;B_all=103/400	even-signature B14;dim=195	Fraction exact;empty version-2 cache bound to integrator SHA	matrixSHA=ec6d141cc89f98b64d1a77eb0f70df9b1144ca0539191dfdaacfa827fc542cb5	exact matrix reproduction;discovery vector in raw run is not certified	275.05	118000	0 cache hits/19110 misses under current source; bit-for-bit reproduction of historical D14 matrix SHA despite prior source/cache provenance hazard. Raw run artifact SHA d8d7b27ad4a412fe5a2e1b3e0750380e336d0affa569f7b538cbeb3c754cb19a; its coarse-denominator vector/q must not be used.
BV-AQUARTER-EVEN-D16-EXACT	2026-09-02T02:21:07+02:00	941ee82bc72fd8488a95eb5e536fe47f8c95d39a1b618dae7d6ef7eb27122e52	k=48;A=1/4;epsilon=3/400;alpha=103/400;eta=97/400;delta=7/250;B_all=103/400	even-signature B16;dim=307	Fraction exact matrix;Decimal140 diagonally-scaled LU/power discovery;36-significant-digit rational vector;exact Fraction contraction	0.981278109819760620341348914562	exact particular-vector negative;optimality non-rigorous;fail-closed cache reconstruction PASS normal/-O	858.76 build + 88.78 refinement	237660 build;138064 refinement	Matrix SHA 989b60a96521fcc92e4dfc2b463b907072c22a9bd19c111bd89aa0e2238c1220; vector SHA 59715ddffa483c696c035634a81c3cc8ffe882e9d6eaceec74bea23996b72d62; exact shortfall .018721890180239379658651085438; power trace stabilizes from .981278107710 at 200 to .98127810981976 at 320. Cache SHA 8eb9cf0b84833f8c4a3d59f001465f7c7fb16556b7637446a68305041e911d5b; checker SHA 35c3d23cc52fa6252961ed8f215a3137ed252a6c5609bf32526bc977f685057f.
BV-AQUARTER-NOONES-D12-EXACT	2026-09-02T02:28:41+02:00	f660a30d8dd83f13459e0412ded1e28c7ec0864abb41ad04a396475a7905e1d4	k=48;A=1/4;epsilon=3/400;alpha=103/400;eta=97/400;delta=7/250;B_all=103/400	all no-part-1 orbit signatures through total degree12;dim=272	Fraction exact matrix;Decimal180 power discovery;denominator<=10^24 rational vector;exact Fraction contraction	0.968178943001694235968563363898	exact particular-vector negative;optimality non-rigorous;read-only fail-closed reconstruction PASS normal/-O	628.61	239748	Matrix SHA 43821d30b12312c4a42817d2c1e956183f50f8474303586c40750de6b7697280 from 37128 current-source cache misses; artifact SHA 3519082f133ae8e6f00595a380e8d57973d8860da996eac6dd4828ca9a2aa9d9; exact shortfall .0318210569983057640314366361023. Raw unscaled float value 49909 is rejected. Cache SHA 989403381f8848059cb091d064d7b6cbe5a7d43af33ce80ac042f399b691ceab; checker SHA 3465b8267efb72bd6e4f4f29b5aea3beae36bde00ac3e01e640eeaf91689e280.
BV-AQUARTER-D16-P3-SINGLELABEL-SCREEN	2026-09-02T02:34:06+02:00	cad9677aaa25030eebb78963f5d6aaa29469221268ee6eb088fc131e3af72190	D16-core-certificate-SHA=59715ddffa483c696c035634a81c3cc8ffe882e9d6eaceec74bea23996b72d62;k=48;A=1/4;epsilon=3/400;alpha=103/400;eta=97/400;delta=7/250;B_all=103/400	span{certified-D16-vector,(1-P1)^a*P3} separately for a=0..13	Fraction exact cross/self forms;Decimal140 two-dimensional root;36-significant-digit scalar;exact Fraction contraction	best-exact-gain=9.63053505328424176895654672708e-16	exact particular-vector gains;not a full 321-space optimum;full P3 append stopped by gate	168.35	115060	All 14 gains lie 9.25998e-16..9.63054e-16; best at a=0. Artifact SHA 7f48172a0cf4080b50c2faf83e7ae6e3b7807e14e1299afa4defae33df3bc88e; explicit 321-label basis SHA 8d4037c26fbf284b012908ee36651f650620509a6ead12c30cf7c93d44a2b45c; 1210 no-ones-cache hits and 3102 exact new moments. Broad odd D12 and coherent P3 append are retired as immediate closing routes; no finite-space upper bound is claimed.
BV-AQUARTER-D16-EPSILON-BASELINE-DIRECT-SANITY	2026-09-02T02:46:34+02:00	96495079a18039a0a7b0522e83ac455cbe5ff144598fff6b382f2c2953958de9	D16-certificate-SHA=59715ddffa483c696c035634a81c3cc8ffe882e9d6eaceec74bea23996b72d62;k=48;A=1/4;epsilon=3/400;R=103/400;V=97/400;B_all=R	certified D16 rational polynomial;307 labels	Fraction exact direct square/marginal orbit collection;no matrix/cache	0.981278109819760620341348914562	exact baseline forms reproduce certificate bit-for-bit;epsilon sweep preempted after sanity	4.37	34980	5825 exact F-square and marginal-square orbit terms; low-k direct-vs-matrix self-test PASS. Artifact SHA 36e3226062a832c7a0fbd45a78ef4aaea941c6e24c5e838b26187182fa3ca473. Any rational 0<epsilon<1/4 is analytically valid in the direct-BV family, but dead-core deletion was prioritized before a sweep.
BV-AQUARTER-D16-DEAD-CORE-EXACT	2026-09-02T02:46:34+02:00	a277e1d5c99b9f890da2a33e5aee95fb03d2916fb9ad8713653be4895ed70aff	D16-certificate-SHA=59715ddffa483c696c035634a81c3cc8ffe882e9d6eaceec74bea23996b72d62;k=48;R=103/400;V=97/400;C={S<R and S-ti>V all i}	piecewise F'=F*1_{C-complement};J exactly unchanged	Fraction exact slice inclusion-exclusion over 915 orbit families;independent k2 triangle/monomial/empty-core tests	I_C/I=2.42097352098380101366747759508e-8	exact particular-piecewise-vector negative;J-invariance exact;crossing gate fails	178.67	250144	Threshold is .018721890180239379658651085438, about 7.73e5 times larger; new exact q .981278133576244401426279108596. Artifact SHA 2b9181be66e3171798e947c22be42a2bbf33a895fd777553bcfc29a7a84db5d6; 5825 square terms,915 orbit families,26524 unique exact scalar slice integrals. Dead-core deletion of this D16 F is retired.
BV-AQUARTER-D16-RADIAL-TWO-AMPLITUDE-EXACT	2026-09-02T02:49:38+02:00	67b7a77555f8022d2445d51537d05d3592af34c252353f63132fd44a14d93da8	D16-certificate-SHA=59715ddffa483c696c035634a81c3cc8ffe882e9d6eaceec74bea23996b72d62;k=48;R=103/400;V=97/400;B_all=R	F=aF0 on S<=V and bF0 on V<S<R;2 dimensions	Fraction exact inner/outer I and common-residual marginal forms;Decimal160 2x2 solve;51-significant-digit rational amplitude;exact contraction	0.981285889609555541126292553565	exact particular-piecewise-vector negative;RR and amplitudes(1,1) exact baseline matches;normal/-O artifact identical	10.14	39008	Exact gain .000007779789794920784943639002631; amplitudes [1,.98700279610351133526471897542473812763044719082939]; inner region carries .94430059221485685 of I. Artifact SHA33fe5d555e736fe5ea3826d569477414fadd2d8a9defc2eaa35718a4f06f82ca. The radial kink is real but far below the .0187 target shortfall.
BV-AQUARTER-D16-EPSILON-FIXED-EXACT	2026-09-02T02:49:38+02:00	96495079a18039a0a7b0522e83ac455cbe5ff144598fff6b382f2c2953958de9	D16-certificate-SHA=59715ddffa483c696c035634a81c3cc8ffe882e9d6eaceec74bea23996b72d62;k=48;A=1/4;delta=7/250;each point R=B_all=A+epsilon,V=A-epsilon	fixed certified D16 rational polynomial at 29 rational epsilon points across coarse/refined scans	Fraction exact direct square/marginal orbit contraction;baseline forms bit-for-bit	best e=19/2500:q=0.981284727720319070897624475028	exact fixed-vector forms;all supports analytically valid;no reoptimized ordering claim	54.26 coarse + 46.4 refined	103812	Exact gain over e=3/400 is .000006617900558450556275560465549. Coarse artifact SHA96171e9429ea1459a42e4e2a1d526a2f256c819d3b0cb2126bf702122883386f; refined SHA3efa2fd15f66f732be4c8e96d5c44b0647d0aa3b553a9cba95ee0b9f3e50e00b. Any fixed rational 0<e<1/4 retains the direct-BV proof; this fixed-vector lever is strongly narrowed.
BV-AQUARTER-D16-DEAD-CORE-INDEPENDENT-AUDIT	2026-09-02T02:55:32+02:00	e4d8c55bd3380623cbc946ebd7b5e07c6b80c6e2302e3ceb64e02248688c8586	D16-certificate-SHA=59715ddffa483c696c035634a81c3cc8ffe882e9d6eaceec74bea23996b72d62;k=48;R=103/400;V=97/400	literal 5825-term square;coordinate-selection inclusion-exclusion	Decimal100 direct reconstruction	0.981278133576244401426278854424	independent nonrigorous arithmetic agreeing with separately exact artifact;4 exact low-k tests PASS normal/-O	502.15	unknown	I_C/I=2.420973520983800987765406775714e-8. Formula is independent of producer orbit-family generating function. Test SHA93c30c74fa57e90047437cfb2c71900e5a96a0c6f7713e665439de21bc4e354e.
BV-AQUARTER-D16-RADIAL-SPLIT-INDEPENDENT-AUDIT	2026-09-02T02:55:32+02:00	847f4edc6835b54637abdf21906ee8b0d0eb92c173c5ac247ff6833dd5c94403	D16-certificate-SHA=59715ddffa483c696c035634a81c3cc8ffe882e9d6eaceec74bea23996b72d62;k=48;R=103/400;V=97/400	F0 split on S<=V and V<S<R;independent 2x2 forms	Fraction exact RR/VV/VR forms;Decimal100 generalized solve	0.981285889609555541126292553565	exact forms with baseline M2 delta exactly zero;discovery eigenvalue agrees with separately exact rational-vector artifact;4 tests PASS normal/-O	34.28 exact forms;18.17 decimal	unknown	Reconstructs 5825 denominator terms,307 marginal terms at each radius, and 17388/17388/31795 cross products without serialized matrices. Test SHA93c30c74fa57e90047437cfb2c71900e5a96a0c6f7713e665439de21bc4e354e.
BV-AQUARTER-D16-OUTERSHELL-EVEN-D8-SINGLE-SCREEN	2026-09-02T03:00:00+02:00	1bd1faf376d103ed6b19e1df03402b64e8ea917ae29ae4b37cfe9e50d1de381a	D16-certificate-SHA=59715ddffa483c696c035634a81c3cc8ffe882e9d6eaceec74bea23996b72d62;k=48;R=103/400;V=97/400	span{certified D16 vector,1_{V<S<R}G} separately for all 40 G in even_basis(8)	Fraction exact cross/self forms;Decimal160 2x2 roots;rational scalar exact contraction	best-q=0.981278114054994620277925518594	exact particular-vector quotients;sum of gains is explicitly heuristic;not a block optimum	14.64	50996	Top exact gain 4.2352339999365764e-9 at label (0,(4,4)); sum of 40 positive individual gains 3.7835547604839625e-8. Artifact SHA afe1d7833b9ab3b0303e6ad1aedc469535dffe182330afc86fd22ecb1b1dc407; RR and scalar-radial regressions exact.
BV-AQUARTER-D16-OUTERSHELL-EVEN-D8-BLOCK-EXACT	2026-09-02T03:01:00+02:00	d904271dffd09fc3e746edecaba34388511173f6aed4d6fd2ba22637b700979e	D16-certificate-SHA=59715ddffa483c696c035634a81c3cc8ffe882e9d6eaceec74bea23996b72d62;k=48;R=103/400;V=97/400	certified D16 vector plus all 40 outer-shell even labels through degree8;dim=41	Fraction exact 41x41 matrices;Decimal100/160 Cholesky-Jacobi discovery;56-significant-digit vector exact contraction	0.981280492785219624773346179476	exact particular-vector negative;optimality non-rigorous;cache-free reconstruction AUDIT PASS normal/-O	18.97 build;9.91 checker	54488 build;45252 checker	Exact gain 0.000002382965459004431997264913655; shortfall .018719507214780375226653820524; 100/160 solves agree through 67 decimals. Matrix SHA 0dfcad448f99f1d9828298586b24d2deeb9456cba4f33f5bf4d4a16ed703fa2f; artifact SHA a69673e03933355819ad96f7ab85586f3a65a7b6abee67145d96368257c3ae27; checker SHA e017dfc9b28b405310a24aabe14797455a0fb0f55ef51f878b957f04733dae2d. Normal/-O builders byte-identical. Fails 0.001 continuation gate by about 420x; D16 expansion stopped.
AFFINE-D4-INDEPENDENT-EXACT-UNSCALED-COST-PROBE	2026-09-02T03:59:34+02:00	9c21d73af25f63ad16c62a2a1935a9cfd3a8d134d7b7ada2620eddc12e1c3d3e	k=48;C10;alpha=79247/300000;eta=76247/300000;delta=1/100;B1=B2=3/20;B3+=97/625;cutoff=10	12-term capped D4 base times exact 1/L/Z multiplier	Fraction exact;unscaled rational coefficient tables	NA	operator-aborted cost probe;no mathematical value emitted	>720	unknown	The cache-free exact tagged checker was deliberately interrupted after more than 12 minutes because unscaled coefficient denominators made it unsuitable as a fair cost model and it was competing with the decisive D12 Decimal run. A separate integer-LCM-scaled D4 benchmark was predeclared; no quotient or sign is inferred from this aborted run.
AFFINE-BATCHED-EXACT-CORE-REGRESSION	2026-09-02T04:24:00+02:00	d824ab8ebb59da4cd94da7b17350c36ba5888bc2260fdeb8e976f4f825405ee8	k=2,3;alpha=2/5;eta=3/10;delta=1/10;signed-deterministic-fixtures	residual-orbit bases through degree3 times arbitrary rational 1/L/Z stratum multipliers	Fraction exact;16 ordered branches;forward/reverse;workers1/2;normal/-O	literal-oracle equality	exact regression only;not a target quotient	50.9 total normal+optimized	unknown	Separate batched exact J path, tests SHA 9e6ff1018b86b08f7bb2f019f8cc37f43c2225afad6ff403453c72f7aa8a3b69. Eight seeded random cases plus one fixed signed case match the literal expanded-polynomial oracle exactly in every requested order/worker mode. D12 staged driver prepared at SHA 2937e53868812bcece11aa039e10b81fdf9412d84742ab9158831d3b4f18215f but not launched or audit-accepted.
AFFINE-D4-UNIFORM-MC-VARIANCE-FALSIFICATION	2026-09-02T04:28:00+02:00	11114e64c3dfbbe68cb799b1e2a0a6c91200447d887be029c3b1be4829280db0	k=48;C10;cutoff=10;four-independent-seeds	12-term capped D4 base times exact affine multiplier	float64 uniform-simplex Monte Carlo;distinguished-coordinate integrated analytically;500000 I and J samples per replicate	0.7561--4.3806 across replicates	heuristic diagnostic falsified by variance;known exact comparator q=0.9348269207	8.33	150048	Plug-in quotient standard errors were 0.34--3.35 and the four estimates were mutually incompatible. Uniform simplex sampling is retired for D12 sign discovery unless a materially new importance distribution is derived; no D12 inference was made.
AFFINE-D4-INDEPENDENT-EXACT-INTEGER-BENCHMARK	2026-09-02T04:26:08+02:00	71becffba9913c7f4933d5b4be50629fbf4d7311b428784146c82d9dc65350dc	k=48;C10;cutoff=10;base-SHA=2b11a18c;affine-SHA=ffa607e0	12-term capped D4 base times exact cutoff-10 1/L/Z multiplier	Fraction exact after separate base/affine integer-LCM scaling	0.934812656645828990698336238451	exact negative particular-vector quotient;direct tagged traversal equals independent matrix contraction bitwise	22.768 I + 1294.766 J	65928	Output SHA 25bda4a816c2752fa70815302914eeab5cf8f939de26cc8fa2fad949c8c30537; I-stage SHA 88a843f9372d1cae191e90fb340c35cc1b28895f2894c900f5a20a16fa37b4ee. Root independently re-contracted the artifact. Unscaled margin -0.0651869237869684943.... A conservative 695/19 squared marginal-pair projection is about 20 serial days for unbatched D12 before higher-degree costs, so no unbatched D12 launch.
AFFINE-DYADIC-RESULT-DRIVER-LOWK	2026-09-02T04:39:00+02:00	8033adfea85eaaa33e3a7efe8553a0f6d9b2402ad63a4f31de3fde54e2fd3f79	k=3;alpha=2/5;eta=3/10;delta=1/10;signed-rational-fixture	five-term residual-orbit base times arbitrary signed 1/L/Z stratum multiplier	384-bit integer-directed dyadic enclosure;forward/reverse count order;normal/-O	independent exact I and kJ contained	rigorous low-dimensional driver regression;not a D12 result	7.07 total normal+optimized	unknown	Test SHA 4de32d1f15effdf61e1121b6cdcd148a523708515333eeac2ede165e86623fa6. Target preparation separately validates 272 labels,16 multiplier triples,206-bit affine LCM and 5929 frozen orbit-product pairs in 1.02s/46892KiB. D12 launch remains gated on a positive discovery sign and hostile driver audit. Strict stage-field/Boolean-width rejection, precision bounds, and protected-output collision checks were added before freezing this SHA.
AFFINE-D12-DYADIC-GROUP-CONSTRUCTION-COST-PROBE	2026-09-02T04:40:00+02:00	8033adfea85eaaa33e3a7efe8553a0f6d9b2402ad63a4f31de3fde54e2fd3f79	k=48;C10;D12;P=512;cutoff=11	272-term integer base times integer-scaled affine multiplier	integer-directed dyadic;build square/marginal groups only	NA	operator-ended dry cost probe;no integral or mathematical value emitted	>30	unknown	Target preparation alone was 1.02s, but forming the full interval square plus marginal groups did not finish within the 30s probe. No process remained afterward. This confirms that target algebra is not a lightweight pre-sign diagnostic; the full run remains gated on the completed Decimal quotient.
AFFINE-DYADIC-PROVENANCE-REPAIR-LOWK	2026-09-02T05:03:00+02:00	bf0ad4b3c1288c1d2df67e92f9ebe9e63613b9dcd2892c3f96522217d920677b	k=3 signed fixture;target-input-loader k=48 D12	five-term signed low-k base;target loader checks original and 272-term scaled vectors	384-bit dyadic normal/-O;exact source/scaling reconstruction	literal exact I and kJ contained	rigorous low-dimensional regression;target quotient absent	14.60	unknown	Repairs hostile counterexample in SHA8033adfe: pins original SHA719c and ordered payload SHA8ea54; reconstructs 714-bit LCM, all 272 scaled coefficients, primitive content, and requires 5929 orbit products. Existing test SHA4de32d1f passes normal/-O; no D12 integration launched.
AFFINE-INDEPENDENT-DYADIC-ADAPTER-LOWK	2026-09-02T05:09:00+02:00	b252756a7c76959d691dc1bbb233dfeeba0a6be9e335c8fe4261037915ab41f6	k=3;alpha=2/5;eta=3/10;delta=1/10;signed-rational-fixture	five-term residual-orbit base times arbitrary signed 1/L/Z multiplier	256-bit integer-directed coefficient enclosures through independent tagged partition-radial recurrence	literal exact I and kJ contained	rigorous low-dimensional adapter regression;target driver unlaunched and unaudited	16.46	unknown	Test SHA7440ab69706d4a11c827175a7d3561bdaa504b9242c9999efecd1ac06a17972d passes normal/-O. This algebra path does not use the grouped Decimal face/marginal evaluator and is reserved as a second reconstruction if the discovery sign is positive.
AFFINE-DYADIC-D12-DRIVER-PRELAUNCH-AUDIT	2026-09-02T05:25:00+02:00	bf0ad4b3c1288c1d2df67e92f9ebe9e63613b9dcd2892c3f96522217d920677b	k=48 target counts plus signed k=2,3 hostile fixtures	fixed cutoff-11 affine D12 input parser and grouped direct-I/J result route	exact provenance/mutation tests;384-bit dyadic low-k enclosures;normal/-O	NA	AUDIT PASS pre-launch scope only;no target integral or quotient	unknown	unknown	Report SHA7315f5dcde8d171eb56aeaf129cefbe2f66f4bc88ab2ac755983c9055af3567a; independent suite SHAc3f16fabb32c23b0081477a2739ca1b61f2436713e70c4268571e9c4d588fce7, six tests normal/-O. Repaired source-scaling counterexample; verifies 312 I faces, 1200 J domains, factor48 once, reverse order, serialization, collisions, and strict lower-margin gate. No D12 sign.
AFFINE-D4-INDEPENDENT-DYADIC-COST-PROBE	2026-09-02T05:24:00+02:00	cb9aca111037723c7ced23f14f343ddeecb5213d5e25e2e3a66cdc9a4f7dc763	k=48;C10;D4;P=512;cutoff=10	12-term integer-scaled base times integer-scaled affine multiplier	independent tagged partition-radial dyadic enclosure	NA	operator-aborted resource probe;no integral or quotient emitted	>300	unknown	Stopped immediately after host swap rose from3.4 to3.8GiB with three production computations active; available RAM recovered to2.3GiB. No artifact or sign. Do not rerun while the capped-gradient and affine-transfer processes overlap; this exact experiment ID is retired.
AFFINE-D4-BATCHED-EXACT-BENCHMARK	2026-09-02T05:25:00+02:00	3d0bc836229a9e1dc7fe22717ad6f9bc1c2f9a41d17a94e0516584e0727f19ec	k=48;C10;D4;cutoff=10;I-stage-SHA=88a843f9372d1cae191e90fb340c35cc1b28895f2894c900f5a20a16fa37b4ee	12-term integer-scaled capped D4 base times integer-scaled affine multiplier	Fraction exact batched tagged J	0.934812656645828990698336238451	first arithmetic pass matched exact reference but wrapper rejected its own incorrect face-count gate; corrected rerun operator-aborted; no artifact	unknown	unknown	First pass completed the exact kJ/reference equality before an audit found that r=15 has an active small branch, so the expected face count is16 rather than15. Corrected wrapper SHA3d0bc836; its rerun was terminated by explicit resource policy (SIGINT exit130) while the host was swapping. No corrected output artifact exists; only the first arithmetic pass is recorded, and no new mathematical claim is inferred.
AFFINE-INDEPENDENT-DYADIC-D12-DRIVER-PRELAUNCH-AUDIT	2026-09-02T05:25:00+02:00	7e2ed20a68e3c3e95a9566b32cae3d403949a79a3a81adfa61b8dab833b640b9	k=48 target face enumeration and staged gate;uncertain signed k=2 fixture	pinned 272-term cutoff-11 target loader;three-term uncertain low-k orbit basis	256-bit integer-directed dyadic normal/-O plus exact literal oracle	NA	AUDIT PASS pre-launch scope only;no target D12 integral or quotient	2.61 normal;2.28 optimized	unknown	Report SHA5c42829e3d412a903f987057b67322ef389468894ab6f6c282eafb3eb0ea3a85; hostile test SHA1a62de64f491473275926a2e3616f1216c36e2c247fef01f911b2bfa841f8f6b, seven tests normal/-O. Confirms complete pinned import closure and 714-bit source-to-integer reconstruction, active counts0..15 in both orders, zero-containing coefficient retention, uncertain-box containment against five independent exact specializations, canonical stage serialization, protected paths, factor48 exactly once, and strict lower-margin gate. Target traversal deliberately unlaunched; theorem_ready remains false.
C10-ANALYTIC-EXACT-RERUN	2026-09-02T05:39:24+02:00	27c1ae65e08bdc43434b26dc078257c43aeeda115286f788ad50f2baf7d37863	k=48;A=77747/300000;epsilon=1/200;delta=1/100;B1=B2=3/20;B3+=97/625	all Definition-1 counts and specialized direct-HB Type0/IIa/IIb/IIc/III branches	Fraction exact;normal and -O	NA	C10 HOSTILE ANALYTIC EXACT PASS in both modes	<1 each	unknown	Re-run after source-provenance update; includes first-empty count16, all exact inward margins, repaired IIb minima and IIc closed-window packing cases. Does not evaluate I or J.
TUPLE-48-236-INDEPENDENT-RERUN	2026-09-02T05:39:24+02:00	645d3e61f587f9f961b3c72037a0f4499ac29c85c64be601b6b14e6a4b898f78	48-tuple source SHA=adfe71549293c2ff0efda34397e46c72269b2895ae23fc2fdfc34ccacc579ba9	literal tuple plus every prime q<=48	exact integer;normal and -O	NA	PASS size48 distinct diameter236 and all modular witnesses	<1 each	unknown	Independent parser verifies min0 max236 and missing residues 2:1,3:1,5:2,7:2,11:9,13:10,17:4,19:13,23:13,29:15,31:1,37:7,41:10,43:2,47:5.
AFFINE-C10-D12-CANDIDATE-IDENTITY-AUDIT	2026-09-02T05:41:20+02:00	a24dbe781c2311420a5c8fa2366ee5959f28ddcd3e62aa69f94976eb78b8a950	k=48;C10 support;linear cutoff=11;proof SHA=30532156254193456faa6f8d1c9e6ac53395d7a46d633410bb749a0557773c2f	272 ordered no-ones D12 coefficients times 16 effective 1/L/Z affine triples	exact Fraction/static loader reconstruction;normal and -O	NA	AUDIT PASS candidate identity only;no target integral or quotient	<1 each	unknown	Both frozen dyadic loaders agree bitwise on ordered base identity SHA8a231352 and effective affine identity SHA47a31aac; verifies R/L/Z definitions, all eight cutoff-overwritten raw channels, support, face shifts, small/large J formulas, and factor48 once. Current proof edit was outside Section10 (BFI correction-note row/citation item5); Section10 reread unchanged.
C10-PROOF-COMPLETENESS-REAUDIT	2026-09-02T05:51:04+02:00	a5928d97ea7e0fc53ae7fc7807d47d783b0b0e323d2bdbab24696ffe40303ac5	proof SHA=30532156254193456faa6f8d1c9e6ac53395d7a46d633410bb749a0557773c2f;exclude only CERT-C10-48	full analytic dependency chain;weighted/truncated rho;BFI correction note;boundary/subsequence;tuple	static primary-source line audit plus exact arithmetic/tuple reruns normal and -O	NA	AUDIT PASS EXCEPT CERT;no target integral or quotient	<1 arithmetic checks;static audit	unknown	All four Proposition-1 inputs and repaired c2=0 implication complete; BFI note leaves Theorem0 intact; explicit disjoint x_j=3^(100j+1) validates the equality-boundary subsequence and liminf step; tuple size48/diameter236/admissibility independently passed. The sole excluded mathematical assertion is I>0 and 48J-I>0.
C10-EPS0035-NOONES-D4	2026-09-02T06:30:00+02:00	c01631dc06e49a23a2441f9049a9ac428905c67f28736b675e401de7f43c1a5a	k=48;A=77747/300000;epsilon=7/2000;alpha=78797/300000;eta=76697/300000;delta=1/100;B1=B2=3/20;B3+=97/625	12-dimensional no-ones D4 capped basis	Decimal160/240 discovery;Fraction exact rationalized vector;independent grouped Fraction contraction	0.896837259628928073309820817264039399061736363856615316724050	exact particular-vector forms;negative target margin;generalized-eigenvalue optimality non-rigorous	1434.15 matrix plus 78.58 grouped	96508	Cache-free 78-entry matrix SHA868307f366effe807c70532463b923b94a80193903b885ab36bd311607f33fc4; result SHA7a5e9fd3; grouped SHA65fc03c9; exact shortfall .1031627403710719266901791827359606009. Exact gain over epsilon=1/200 D4 particular vector is .0004695812861454444982065546334190519. All Definition-1 margins and epsilon cancellation pass normal/-O. No D12 inference.
C10-D4-AFFINE-RESIDUAL-ALL39	2026-09-02T07:05:00+02:00	5f44d4fd533c83a9fd996e4406d5197bd6433271ee4b2186eff9fce82520ec62	k=48;C10;cutoff11;39 effective coordinates	matrix-free Ac,Bc,A_jj,B_jj for every effective affine coordinate	Fraction exact against stored 48-coordinate matrix	0.9348267737519821446627090666678435138632476100309	exact cross/diagonal oracle match;baseline quotient only;not target sign	318.71	40848	Artifact SHA097cae2a; 312 I faces,1200 J domains. No 39x39 matrix built. Later source edit only strengthened target baseline loader; integration core unchanged. All-coordinate D12 projection ~24h, so target version is NO-GO.
C10-D4-AFFINE-RESIDUAL-BOUNDARY	2026-09-02T07:15:00+02:00	49dd0a934d011e67200653248d8442e6d6f6b1bbe98a08e6be26bb3afc12ed98	k=48;C10;cutoff11;coordinates=11:1/L/Z,12:1,13:1	five matrix-free cross/diagonal affine directions	Fraction exact plus Decimal100 oracle comparison	0.9348267737519821446627090666678435138632476100309	exact D4 cross/diagonal match;selection only;no D12 sign	31.37 exact;10.20 Decimal100	39760	Exact artifact SHA22523e10; Decimal artifact SHA369065fb; 45 I faces, common r10..13,222 J domains. Exact diagonal-normalized residual proxy share .99999811418 and >999998/1e6. Conservative D12 boundary projection2.6h/.68GiB; conditional launch held pending baseline/resource go.
C10-D12-BAND-SPARSE-PREOUTPUT-AUDIT	2026-09-02T07:25:00+02:00	e1545435f0c7ad22a17115ac46c291436c1ead5101fd3de6d2a80ab65bc9c257	k=48;C10;20 compressed channels;target output absent	12 individual D4 labels plus exact degree bands5..12;272 ordered labels	Fraction exact low-k matrices,target constant oracle,static provenance mutations;normal/-O	NA	SCOPED ALGEBRA AUDIT PASS;producer provenance counterexample;no target quotient	3.72 normal;4.07 optimized	21232 standalone target-constant oracle	Report BAND-OPERATOR-SPARSE-AUDIT.md; postprocessor SHAdbd0d47f; hostile test SHAbbe1b56d,8/8 normal/-O. Exact factor48,312 I faces,1200 J domains,serial/fork equality,695-component owner reconstruction. Producer permits output alias after end-hash gates; actual invocation's source,bands,baseline,operator,output resolve pairwise distinctly and output remains absent. One gradient cannot determine finite-step quotient; consumer emits only a rational trial needing independent reevaluation or explicit no-claim.
GENERAL-MINORANT-KFREE-SLIVER	2026-09-02T07:26:23+02:00	e65aa613b9a84ce9faa049d5c8654363a50ee007fdce3fb7e3749da7105cfb18	k=48;A=521/2000;epsilon=37/10000;eta=321/1250;delta=7/1250;B_m=21/2500;xi1=3989/10000;xi2=xi3=4001/10000;c2=24	exactly-one-large K-free singleton indicator;explicit symmetric polynomial-orbit extension family	Fraction exact;normal/-O byte-identical;literal k2/k3 factor tests	0.2659999999999999999999999999999999999999930594220721091710564	GEOMETRIC AUDIT PASS;singleton exact negative;THEOREM_READY=false	<1 each	unknown	Report GENERAL-MINORANT-K-SLIVER.md SHAe5a6bd96; exact K=0; c1<1/299000000; signed criterion <=48J/I<133/500. Open J fiber has U-eta_C10=299/150000 and alpha-alpha_C10=13/300000. Printed scalar/repaired omega>=0 capacity arithmetic passes, but high-gamma Type-I role swap lacks SW for alpha and signed c2>0 Proposition1 is unaudited; no unconditional sieve claim.
C10-D12-AFFINE-TRANSFER-DISCOVERY-AUDIT	2026-09-02T07:46:51+02:00	1607c4963019a56c512ed15185c507326ec8c969046e4f45f9c264a0450b9973	k=48;C10;Decimal100;cutoff11;result SHA=e83d3610b8130d743757a5f01aacc6ff2d2b2acd3128e5ff21b9a01cfa53d8da	one transferred 48-coordinate D4 affine multiplier on integer-scaled 272-term D12 polynomial	independent static Decimal100 recontraction;normal/-O byte-identical	0.9671692127936067321469619048809532704996719782235687810561380	DISCOVERY-OUTPUT AUDIT PASS;negative margin;rigorous=false;theorem_ready=false	<1 each	unknown	Report AFFINE-D12-DISCOVERY-OUTPUT-AUDIT.md SHA4eff92fe. Exact frozen D=9.404805046184364933993801445964141570663344888014190056715425272135294022457997898153502271689941759E+311; M=-3.08767153188892494880953499203069744141460075903832721986233809810780371568296760694908955649202020E+310. First checker run exposed auditor-side stage-driver-vs-transfer-driver SHA conflation; repaired with separate exact closures against same output bytes. Five-direction residual D12 run retired by explicit heuristic gate, not an upper bound.
C10-D12-AFFINE-D4-TRANSFER-NEGATIVE	2026-09-02T07:44:01+02:00	91d1b4ad0c675ccfe36100166bee20bb4007af49e1d0cfe618c8c82c8857f354	k=48;alpha=79247/300000;eta=76247/300000;delta=1/100;B1=B2=3/20;B3+=97/625;cutoff11	integer-scaled 272-term no-ones-D12 polynomial times transferred exact D4 per-R span{1,L,Z}	Decimal100 direct grouped traversal;input,multiplier,I-stage,and full local arithmetic closure pinned	0.9671692127936067321469619048809532704996719782235687810561380108925883953316516260403891506696291930	non-rigorous discovery;negative target margin;all serialized provenance/count/finite gates PASS;theorem_ready=false	15305.696 J plus 3556.832 staged I	335768	Result SHA e83d3610b8130d743757a5f01aacc6ff2d2b2acd3128e5ff21b9a01cfa53d8da; I=9.404805046184364933993801445964141570663344888014190056715425272135294022457997898153502271689941759E+311; 48J=9.096037892995472439112847946761071826521884812110357334729191462324513650889701137458593316040739739E+311; margin=-3.08767153188892494880953499203069744141460075903832721986233809810780371568296760694908955649202020E+310; 695 marginal components,1200 J domains; input SHA8650e44c,multiplier SHAffa607e0,I-stage SHA96c9b89b. Particular transferred candidate only, not D12 affine optimum.
C10-D12-BAND-SPARSE-GRADIENT-MP100	2026-09-02T08:11:14+02:00	e1545435f0c7ad22a17115ac46c291436c1ead5101fd3de6d2a80ab65bc9c257	k=48;C10 exact capped support;sourceSHA=719c656e;bandsSHA=29d38a9e;workers=2	20 compressed channels:12 D4 labels plus exact degree bands H5..H12;272 ordered labels	Decimal100 sparse/SoA value+gradient traversal	0.9709698476337895741123900041395560037415645658885284268990606553111004499803962740977569765764382998	raw producer REJECTED solely on redundant gradient-halves exact-equality gate;all substantive gates PASS;discovery only	32208.7966	441872	Raw artifact SHA0ac99ee5a72a83576eaf92ad203280dd0359b290a5c1562652bf9be1259d644d; I=10169.193s,J=22039.604s,parent peak46112KiB. Four A-half and five B-half entries differ from gradient/2 by one final Decimal ulp; max relative3.7532e-100. Euler relative4.0843e-61/1.9499e-61; baseline/forms/counts/buckets/dependency gates PASS. Byte-pinned recovery artifact SHA6411f11d has independent exact-integrator and small-delta scoped passes; no projected trial or scalar claim emitted.
C10-D12-BAND-RATIONAL-TRIALS-V3	2026-09-02T08:51:49+02:00	5e999a3727b9922aac986629e6b022b08614cfcd5ab38203b5f1a8e9e806a7bc	k=48;C10;rawSHA=0ac99ee5;recoverySHA=6411f11d;serialized-action-base;H12 gauge	three exact band trials at projective max coefficient changes 5%,10%,20%;272 explicit ordered labels	Decimal230/270 preconditioned-direction discovery plus independent exact Fraction P/scaling/contraction	NA	TWO SCOPED INDEPENDENT AUDITS PASS;no finite form evaluation;fresh scalar reevaluation required	2.9 producer;5.8 independent audit	unknown	Supersedes v2 after hostile manifest-closure repair. Manifest SHAc16b9600; trials SHA43ba7ad4/e3319cde/88c1d26f; small-delta auditor SHA8d2fb44/report SHAf2449e and exact-integrator external test SHA3475ab61 PASS. Exact P-norm error9.93e-189 and residual solve error9.11e-189; actual-displacement first derivatives +.01491013,+.02982027,+.05964053. Derivatives only, not finite quotient changes. Tests SHA4b0390f9,6/6 normal/-O incl between-write mutation rejection.
C10-D12-BAND-NEAR20-MP100-NEGATIVE	2026-09-02T08:54:19+02:00	47167e92a0f346e969706dc282ccb2dfd4ac31a0a75b654938ffbe8423cf4a4a	k=48;alpha=79247/300000;eta=76247/300000;delta=1/100;B1=B2=3/20;B3+=97/625;workers=2	near20 v3 exact band input SHA88c1d26f;272 ordered labels	Decimal100 direct grouped scalar traversal plus frozen output auditor	0.9668265520464799881755466130613854373447791466256840713109713168829418980673084898579416379677011753	SCALAR RESULT AUDIT PASS;negative discovery endpoint;not exact integrals and not an upper bound	6692.530060	318692 max child	Result SHAfeb5e858,I-stage SHAdb9caca0; D=2.5013610205958955914851846027913924617e-132,N=2.4183822509661939507276920237511556846e-132,margin=-8.2978769629701640757492579040236777e-134; counts1575/312/695/1200; evaluator SHA47167e92,integrator SHA941ee82,auditor SHA5e704655. Endpoint misses conditional projected-line crossing threshold .97847852790172937299688 by .01165197585524938482134. Particular endpoint only.
C10-D12-BAND-NEAR20-PROJECTED-LINE	2026-09-02T10:49:00+02:00	bbbce83623550d8d92467827e9c8535e172ed05dc237c93141737e04ae9e3468	k=48;C10;theta(s)=theta0+s*(theta_near20-theta0);base action SHA6411f11d;endpoint SHAfeb5e858	2D line through serialized Decimal100 base action and fresh near20 endpoint forms	exact Fraction polarization,Decimal230 stationary roots,and independent raw-direction chart reconstruction	0.97193151751735597906816852400429627724768025124880662101940222325046996936802414	TWO CHART RECONSTRUCTIONS PASS relative to serialized discovery data;negative by .02806848248264402093183;line retired only	<1	unknown	Quadratic artifact SHAbf227a7f,independent raw-chart SHA6046a35c; finite maxima differ3.8438300e-62 from MP100 Euler residual. Exact Möbius/chart checker SHAaa56e6dc and tests SHAb171ef55 2/2 normal/-O explain coordinate-dependent infinity .965008 vs .800443. Selected h-chart s=.04381087220633408249,gain over base=.000961669883566405. No compact candidate; full20-function band space remains open.
C10-D12-BAND-GRADIENT-RECOVERY-V2-AUDIT	2026-09-02T08:35:00+02:00	9342fa3f6d8157a4d9b8603a20bb0527b7f47087a5aa3c9d39aebef892f9fee5	k=48;C10;raw rejected gradient SHA0ac99ee5;baseline/source/bands/full dependency closure pinned	20 A-action and20 B-action coordinates reconstructed solely as exact Fraction halves of serialized gradients	static Decimal100/Fraction recontraction;normal/-O hostile tests	NA	SCOPED AUDIT PASS discovery-only;not exact integral actions and no trial quotient	<1	unknown	Recovered artifact SHA6411f11d supersedes retired d838bbc8. All40 fraction halves independently match gradient/2; exact mismatch sets A{7,12,16,17},B{10,16,17,18,19}; report RECOVERED-BAND-GRADIENT-AUDIT.md SHA50244190; tests SHAa9926cef,3/3 normal/-O. Fresh scalar reevaluation remains mandatory.
C10-D12-QUADRATIC-INDEPENDENT-DYADIC-READINESS	2026-09-02T08:40:00+02:00	096bba04401b4d5241229bcd3c5332ca3ec13e825f692c09618f8c4469be5123	k=48;C10;6 channels1,L,Z,L2,LZ,Z2;96 serialized/93 effective;baseLCM714bits;multiplierLCM2310bits	integer-scaled 272-term D12 base times exact D4 quadratic per-stratum multiplier	independent tagged Fraction/dyadic recurrence;signed k2/k3 literal oracle;normal/-O	NA	SCOPED PRELAUNCH AUDIT PASS;target D12 not launched;no quotient	46.037205 exact D4 I;3037.074594 exact D4 48J	296552	Exact D4 I and 48J both bit-for-bit PASS; active faces16/16; only identically-zero R0 L,L2,LZ pruned; strict I.lo and (48J-I).lo acceptance. Driver SHA11a052a0; core/driver tests4/4 normal/-O; readiness report QUADRATIC-INDEPENDENT-DYADIC-PRELAUNCH-AUDIT.md. Decimal producer I-stage SHA8b5c1c1a, final absent at calibration checkpoint; no D12 launch or sign inferred.
C10-D12-BAND-CANDIDATE-RATIONALIZER-AUDIT	2026-09-02T09:45:00+02:00	d972aaf7881f1c1c2c9d8cc8379239f504ad49b12753d502511ea8483fe5301d	k=48;C10;degree12;20-to-272 exact band expansion;common grid d=40	near20 v3 exact rational candidate normalized and rounded to one common decimal grid	Fraction exact algebra;strict parser;hostile publication/inode mutations;normal/-O	NA	TWO INDEPENDENT SCOPED AUDITS PASS;frozen discovery-only producer;no production candidate or quotient	<1	unknown	Earlier fddb postwrite false accept,09d supersession,and57c check/rename foreign-inode race all repaired. Final producer writes/rejects only through held O_EXCL fd; tests SHAe8b6107c pass8/8 normal/-O. Exact-integrator delta PASS and small-delta independent producer8/8+hostile2/2 normal/-O PASS; small-delta report SHAe74d029e. Reproduction output SHA7da4f222,payload2e09c72d is audit data only; no production compact candidate until projected-line sign is known, and any emitted vector requires fresh scalar MP recheck.
C10-D12-FIXED-VECTOR-DYADIC-PRELAUNCH-AUDIT	2026-09-02T09:55:00+02:00	1759db7e6c03bc25fb9b0d3826413f548deb3dff8bb87a7bc5b6869c2d6556ed	k=48;C10;degree12;dim272;LCM714bits;orbitpairs5929	arbitrary caller-pinned exact fixed vector on complete no-ones D12 basis	integer-directed dyadic plumbing;signed k2 Fraction oracle;forward/reverse;normal/-O	NA	SCOPED PRELAUNCH AUDIT PASS;target D12 unlaunched;theorem_ready=false	<1	unknown	Old1dfa Boolean endpoint and postwrite mutation false accepts repaired. Producer9/9 and independent3/3 normal/-O. Exact low-k I=1938469/15000000,J=12066211/262500000 enclosed in both orders; factor48 once/equality rejected; report FIXED-VECTOR-DYADIC-PRELAUNCH-AUDIT.md.
C10-D12-FIXED-DYADIC-PRELAUNCH-AUDIT	2026-09-02T09:51:15+02:00	1759db7e6c03bc25fb9b0d3826413f548deb3dff8bb87a7bc5b6869c2d6556ed	k=48;C10;target counts I=1575/312,J=695/1200;precision planned512;shadow96	complete no-ones D12 basis;272 explicit rational coefficients;primitive common scaling	static hostile audit plus unit tests normal/-O	NA	SCOPED PRELAUNCH AUDIT PASS AFTER THREE REPAIR ROUNDS;no target run and no quotient	0.06	unknown	Audit SHA a1e0039bc3b354657879fb712cb7778963c78fccc34615800ba6743bb8f16abe; tests SHA533cbb26,9/9 normal/-O and py_compile. Supersedes SHA1dfa after explicit Boolean-endpoint and postwrite-mutation counterexamples; now canonical string endpoints, type-exact metadata, postpublication full closure/output rehash, failure sentinel, serial reverse r traversal, factor48 and strict lower-margin gate. theorem_ready=false; backend primitives and any target output still require independent audit/reconstruction.
C10-D12-BAND-SPARSE-H6-CONTINGENCY	2026-09-02T10:28:52+02:00	50284460fc4d2629b760016b56792617dbf64b0f24cf6c912875c92365cf3b79	k=48;C10;sourceSHA719c656e;bandsSHA29d38a9e;recovered-actionSHA6411f11d;H12 projective gauge	one compressed H6 coordinate;11 of 272 expanded orbit labels	exact Fraction manipulation of stored Decimal100 first-order data;normal/-O tests	NA	discovery-only tangent selection;no finite quotient and no new integration	<1	unknown	Exact relative-step ranking selects +H6 ahead of -H7,-H5; formal serialized directional derivative 1.5496557083626953e16 is a scale artifact. Finite-step identity is Delta(tau)=2tau R+tau^2(D0B11-N0A11), so improvement iff C>-2R/tau. Exact PSD-completion counterexample proves first-order data cannot certify any specified nonzero step without H6 self-forms. Artifact SHA705908c6; report SHAf4b7a563; tests SHA20e0f9f8,3/3 normal/-O.
C10-D12-BAND-SPARSE-H6-SELF-MP100	2026-09-02T10:57:30+02:00	47167e92a0f346e969706dc282ccb2dfd4ac31a0a75b654938ffbe8423cf4a4a	k=48;C10;inputSHAa716e6a8;workers=2;11 labels	pure H6 self direction containing the complete11-label band block	Decimal100 grouped scalar self-form traversal	0.3971939385982346476993650859241703076369747442721445626415656754452893886371856779362747837104636244	raw result gates/counts pass;negative self quotient;repaired exact-context replay passes	64.506742	24608 max child	Result SHA0ee7813d,I-stage SHAf7ec9e5f;77 I groups,312 faces,23 marginal components,1200 J domains. A11=3.14640787386387078996e-95,B11=1.24973413585648832093e-95; separately serialized fields differ by one Decimal100 unit, while the repaired consumer replays the evaluator operation order exactly and rejects a one-unit mutation. Consumer SHAf2462e96; tests SHA365b08fe,4/4 normal/-O. Required B11/A11 crossing threshold=.9999969861865805383,actual=.3971939386.
C10-D12-BAND-SPARSE-H6-LINE-NEGATIVE	2026-09-02T11:07:41+02:00	f2462e9688bf0f426856ff81f7354476a762e1617c1fd8c81b7b67a17098b797	k=48;C10;baseSHA6411f11d;selfSHA0ee7813d;Decimal100 replay	span of capped D12 base and exact 11-label H6 band direction	quadratic pencil from stored cross channels and fresh self forms;normal/-O tests	0.9709699403308764355082616430885453266121949508416296830500004147334169176224	discovery-only negative line;repaired consumer PASS;no rigorous integral error bound	64.506742 self run;postprocess lightweight	24608 max child	Frozen line artifact SHA58e700ae; tests SHA365b08fe,4/4 normal/-O. Maximizer s=1.1963659022852116293e-23; gain=9.26970868614e-8; shortfall=.02903005966912356449. Retires only this H6 pencil, not the full 20-coordinate band space.
C10-D12-SPARSE-COORDINATE-SELF-SCAN-PREP	2026-09-02T11:17:00+02:00	82ee455d319b770c114428fe98dfc5b76d0dd7ca1d3c095729c60ac2c23fb344	k=48;C10;coordinates0..18;H12 gauge;sourceSHA719c656e;bandsSHA29d38a9e;recoverySHA6411f11d	19 signed unit compressed-coordinate directions expanded to exact sparse no-ones orbit inputs	Fraction exact static action/ranking/count reconstruction;normal/-O byte-reproduction tests	NA	PRELAUNCH PACKAGE PASS;no new self-form integral or quotient	160.54 full manifest;12.53 H7/H5 tranche	32552 full;25276 tranche	Manifest SHA967a004e; report SPARSE-COORDINATE-SELF-SCAN.md; tests SHA33a7ec31,2/2 normal/-O. Exact post-H6 queue begins -H7 SHA22f64323 dim15 then -H5 SHAf6aec9b2 dim7. H7 counts225/689 orbit,129/502 I,34/15 marginals,312/1200 faces/domains; H5 counts49/102,38/134,14/7,312/1200. No sign inferred before fresh scalar self forms.
C10-D12-SPARSE-H7-H5-LINES-NEGATIVE	2026-09-02T11:25:00+02:00	032387cb9ea1a0b2405f04f03913eb9c6d63aaad16310b95ee137d7a86ebff79	k=48;C10;baseSHA6411f11d;H7input22f64323;H5inputf6aec9b2;Decimal100 replay	separate 2D pencils of capped D12 base with -H7 and -H5 sparse band directions	fresh Decimal100 grouped self forms plus exact serialized cross actions;generic fail-closed line reconstruction;normal/-O hostile tests	H7=.97096994554027590479059613418806128850812988919423848;H5=.97096993547836503098245737626407116825721758960086819	both discovery-only lines negative;not a multi-coordinate upper bound	H7=137.681920;H5=25.321705	H7 child30856;H5 parent23996	H7 result/stage SHA4b47730d/0ac25784,line SHAb937daf2,max s1.43263038e-23. H5 result/stage SHA0aa72739/ced65a77,line SHAe7810374,max s1.35998703e-23. Consumer/test SHA032387cb/5ff3dce5,3/3 normal/-O incl final-ulp,count,stage,alias mutations. Retires only the two coordinate lines.
C10-D12-SPARSE-CORE6-RITZ-MP100	2026-09-02T12:05:54+02:00	894626ba0b0b66b3acedc26ddd1025abcd15155db13d72482bd500ef36a3ed26	k=48;C10;pairManifestSHA32d7e868;coordinates=10,9,6,8,5,11;15 unscaled pair sums	span{base,d10,d9,d6,d8,d5,d11}	Decimal100 grouped forms;exact Fraction polarization and LDL;Decimal120/190 Cholesky-Jacobi Ritz	0.970974468240619122464713832002280486196017926804702107921170108673458304310766259109902219828482017089345	discovery-only negative;exact only relative to serialized MP100 forms;continuation gain gate FAIL	253.241739 aggregate pair CPU-seconds;Ritz <1	24768 max parent KiB	Sanitized artifact SHA906a84cb emits no vector/candidate;A has 7/7 exact positive LDL pivots;gain=0.00000462060682954835232382786272448245445336091617;shortfall=.0290255317593808775352861679977195138039820731953. Solver tests SHA24102627,5/5 normal/-O. Independent report SHA7d634b94/result SHA14b779cc,solver SHA78820c6d,tests SHAc9bf7770 3/3 normal/-O give SCOPED AUDIT PASS with exact A/B48/pivots identical and q difference4.01e-189. Stale artifact SHA8193ef60 is preserved but INVALID/SUPERSEDED because it serialized a rational vector despite q<1. Selected core6 cross tier retired; full20 space remains open.
C722-D12-SUPPORT-KERNEL-PROTOTYPE	2026-09-02T12:15:00+02:00	774b8f3a09d77d79d6e4abe56cce4ed1eb82fc5f71ca08cb033bd383091073a3	planned k=48;C722 delta361/50000,A3121/12000,epsilon1/250,scheduleSHA8c67d655;target uncompiled	support-independent raw orbit/I-slack/marginal contractions for one fixed symmetric vector	Fraction exact signed low-k direct-vs-kernel replay;constant/nonconstant support;serial/fork;normal/-O	NA	SCOPED FORMULA AUDIT PASS;no D12 kernel,forms,quotient,or launch	0.82 per five-test run	lightweight	Tests SHA7662e0e8,5/5 normal/-O; exact-integrator report SHA94105250 independently reran and checked I translation,marginal indexing,and branch factors. Combined C722 verifier SHA4fef5565 rerun PASS. Plan predeclares625 I faces,2468 J domains,3.80h estimate and <=.975/>=.985 endpoint gates. Audit says savings are thin because support-specific branch/density/domain integration remains dominant; exact D4 regression,production serialization,and resume-safe scheduled I stage remain.
C10-D12-SPARSE-CORE6-RITZ-INDEPENDENT-AUDIT	2026-09-02T12:10:00+02:00	78820c6d1223b1c304c052a6f974fa4fda5a1c370d625815bc6f39ead770f279	k=48;C10;coordinateManifestSHA967a004e;pairManifestSHA32d7e868;preflightSHAa67ef637;15 pair sums	span{base,d10,d9,d6,d8,d5,d11}	independent exact Fraction polarization/LDL;Decimal100/160/220 Jacobi;exact rationalized-vector contraction	0.97097446824061912246471383200228048619601792680470210792117010867345830431076625910990221982848201708934524965	SCOPED AUDIT PASS discovery-only;negative;continuation gain gate FAIL;not rigorous integration	<1 solver/audit after completed scalar forms	<30000	Independent artifact SHA14b779cc; report SHA7d634b94; tests SHAc9bf7770,3/3 normal/-O. All exact A/B48 entries and seven LDL pivots equal sanitized capped SHA906a84cb string-for-string after independent freeze; q delta4.01e-189. Normalized A correlation condition7629769.6124; Decimal220 Jacobi residual5.98e-208; exact grid-vector normalized residual7.01e-62. Gain4.62060682954835e-6 misses1e-4 gate; no upper bound for full20-coordinate space.
C10-D4-STRATUM-MOMENT-TABLE-ORACLE	2026-09-02T12:25:00+02:00	fcc471d8a0c8dce01147b6984f981ae5f40ef08a943d2f05ecbe1ec3b0eadccd	k=48;C10;fixedD4SHA2b11a18c;degree2 calibration;target design degree3	fixed capped-optimal no-ones D4 F0 times all per-R L^aZ^b,a+b<=2;dim96	Fraction exact multiplier-independent U/W moment table;fresh traversal;all-entry frozen-oracle comparison	0.95396743884855077857787465867102826220621149175756	EXACT D4 ORACLE PASS;implementation calibration only;no D12 degree3 sign	460.514833	49252	Artifact SHA25a054b5; report SHA6bb2bdaa; tests SHAfe9ceb77,3/3 normal/-O. All I/48J entries equal frozen quadratic artifact SHAfbc8c38d; exact particular contraction matches. Counts312 I faces,1200 J domains,4680 I scalar moments,8556 J marginal-orbit products,57788 J scalar moments versus31980 channel products. 4.318x faster than frozen1988.494s D4 channel construction. Degree3 cost formulas predict14712 orbit products/167380 scalar J moments; no production run launched.
C10-D12-IMPORTANCE-POINT-MARGINAL-EVALUATOR	2026-09-02T12:17:00+02:00	e006f998d285119cc534612fbfdfa69beea8f807c2b7d2000c396f0aabac0022	272-label integer-scaled C10 D12 vector;48-coordinate exact point; signed k=2 marginal fixture	orbit-normalized point evaluation and analytic distinguished-coordinate `(R,a,b)` marginals	Fraction dynamic program versus brute-force orbits, pointwise polynomial expansion, and literal antiderivatives;normal/-O	NA	POINT/MARGINAL ALGEBRA PASS only;sampler and quotient absent	<1	unknown	Tests SHA126cdaa8,7/7 normal/-O. Repeated/equal and unequal parts agree exactly with brute force; full D12 value is permutation-invariant; four pointwise distinguished evaluations and signed small/large 1,L,Z channels match independently written formulas; threshold/cutoff and malformed inputs reject. Design SHA874d9f8f freezes target-density identities, reversible-kernel tests, and D4/mixing gates. No stochastic integration or theorem claim.
C10-D12-IMPORTANCE-REVERSIBLE-KERNEL	2026-09-02T12:24:00+02:00	23f5a09d5eb0bd8aaae3ecf13c7cd6584b082e97d05ac11ab7d528586fc5074b	generic physical-plus-slack simplex;caller-supplied support/log density	pair-redistribution Metropolis kernel for future muI/muJ chains	Fraction exact reverse-map tests and deterministic float chain tests;normal/-O	NA	REVERSIBLE-KERNEL ALGEBRA PASS only;D12 adapters/calibration/quotient absent	<1	unknown	Tests SHAa8e3d6e2,6/6 normal/-O. Exact physical/physical and physical/slack reversals, constant-density acceptance, target/support rejection, power-zero tempering, seeded reproducibility, simplex preservation, and invalid arguments pass. Design SHA874d9f8f; no stochastic sieve result or theorem claim.
C10-D4-STRATUM-MOMENT-FUSED-ORACLE	2026-09-02T13:16:50+02:00	8f8eabfa1f56db41da69bd425f7c506710b292f9e86ad1255d733dac018c8190	k=48;C10;fixedD4SHA2b11a18c;degree2;tagSchemaSHA43e41a6a	fixed capped-optimal no-ones D4 F0 times all per-R L^aZ^b,a+b<=2;dim96	Fraction exact fused SoA product table;fresh traversal;all-entry frozen-oracle comparison	0.95396743884855077857787465867102826220621149175756	EXACT D4 ORACLE PASS;implementation calibration only;no D12 degree3 sign	449.479531	50108	Artifact SHA72ece5aa; source SHA8f8eabfa; tests SHAc0ede840,3/3 normal/-O. Every 96x96 I/48J entry and exact particular contraction equals frozen oracle fbc8c38d; counts312 I faces,1200 fused J traversals,4680 I moments,8556 logical J products,57788 J scalar moments. Only 1.0246x faster than prior460.515s, so full D12 remains gated by a source-bound face benchmark.
C10-IMPORTANCE-DISCOVERY-ALGEBRA-HOSTILE-AUDIT	2026-09-02T13:22:00+02:00	ef2626aa714202f52c389ca297d929579a663f89e146bb38c70a5877c163db11	k=48;C10;oracleSHAfbc8c38d;D4weightsSHA96e0655e;D12schemaFixtureSHAe83d3610	point/orbit and distinguished marginals;conditional 16-stratum I;bounded g=sum(m_i^2) J envelope	Fraction exact hostile fixtures plus strict JSON/hash/schema tests;47/47 normal and 47/47 -O	NA	SCOPED AUDIT PASS AFTER REPAIRS for discovery algebra;global-chain route BLOCKED;no stochastic quotient	<1	lightweight	Audit SHAba7eae58. Repaired point/sampler/oracle/density/weights/envelope SHAs ea88f6d2,54c93622,e5873491,d656c788,c2d8b4e7,7c28633e. Exact D4 p15=8.1604e-18 blocks global all-entry sampling; explicit D4/D12 marginal sign changes block m0 positivity. Conditional envelope identity and bounds y_ii[0,1],abs(y_ij)<=1/2,z<=2 pass; finite MH ratio remains discovery-only. No chain or theorem claim.
C10-IMPORTANCE-CONDITIONAL-STATISTICS-REAUDIT	2026-09-02T13:39:12+02:00	dd7a919b23f1eedc7cbb1093612c0dabfbcce2a5f7d30407503e2cc963686d26	k=48;C10;all16 I/J strata;statsSHA dd7a919b;conditionalSHA6e502c09	batch diagnostics,exact-null mapping,rare diagonal equilibration,fixed-R conditional kernel	independent hand formulas plus actual D4 finite-start/power-zero tests;normal/-O	NA	SCOPED AUDIT PASS AFTER FIVE REPAIRS;discovery-only;no chains/output/quotient	2.2	lightweight	Reaudit report SHAd668204b; independent test SHAdb4162a1 normal/-O PASS; producer tests604c7d5b/b379fe6c pass. Repaired inactive-row omission, malformed/full ESS, batch Jensen, impossible J-envelope batches, and power-zero finite-to--inf acceptance. Caller must still pin16/47/93 active masks,336/876 structural coverage,4x20 batch schedule,antisymmetry and z-conditioning gates.
C10-D4-CONSTANT-Q-SPAN-EXACT	2026-09-02T14:10:00+02:00	c9f80055ff0733eb96915c652048915ad2afdc45703dca80ff98378e238130a7	k=48;C10;quadraticSHAfbc8c38d;fixedD4SHA2b11a18c	span{constant,Q} on exact 96-channel D4 quadratic multiplier space	Fraction exact dense-I/sparse-J contractions;Decimal160 roots only after exact forms	0.9539674388485507785778746586759283440710821904301244101263773416561709480823	EXACT D4 SPAN;H=1+Q FALSIFIED;not a D12 upper bound	<1 analyzer after source forms	lightweight	Artifact SHAec294139; Q alone=.95396743884855077857787465867102826220621149175756, so exact span gain is only4.90008186487069867e-30. H=1+Q=.8963761382511259384. Maximum in gauge1+tQ has t=9.219108325062375e17. No H transfer launched.
C10-D12-QUADRATIC-SPAN-CONTINGENCY-PRELAUNCH	2026-09-02T14:15:00+02:00	aa15dd4a8e578ad96edfa3697b138c21ac034010ac8e089515cbed03731e256c	k=48;C10;genericH=Q+s*1;s unselected;scaledBaseSHA8650e44c	generic two-transfer polarization package around active Q-only transfer	fresh exact D4 H builder plus fail-closed Decimal180 stationary consumer;normal/-O hostile tests	NA	PRELAUNCH PACKAGE PASS;discovery-only consumer;no H artifact/output/launch	NA	lightweight	Report QUADRATIC-SPAN-CONTINGENCY-PACKAGE.md. Builder/test SHAaa15dd4a/2a46021d 4/4 normal/-O; consumer/test SHA31cf67bb/2b460f9c 5/5. No fresh scaled-base Decimal output exists: rescaling old SHA02e1 by exact LCM^2 requires explicit heuristic flag and theorem_ready=false. Any winning rational multiplier requires fresh exact/dyadic direct evaluation.
C10-D4-DEGREE3-MOMENT-PRELAUNCH	2026-09-02T14:35:00+02:00	e48d46f447893d21addef38d979670107086550495fd390a1adeebf1ad6ba7ef	k=48;C10;D4fixedSHA2b11;degree3;gateSHA964ab9cd	fixed D4 base times all 160 stratum-tagged L/Z monomials of total degree<=3	prepared exact fused+independent-unfused all-entry validation;normal/-O preflight tests	NA	PRELAUNCH PASS;production unauthorized;no exact D3 traversal/quotient	predicted fused1301.895;hard fused1800,total3600	predicted<262144KiB	Report D4-DEGREE3-MOMENT-PRELAUNCH.md; test SHAa2f80e49 3/3 normal/-O. Exact targets:312 I faces,1200 J domains,8736 I moments,14712 logical J products,167380 J moments,all160x160 entries equal,degree2 oracle submatrix and embedded vector contraction exact. No authorization or run.
C10-D12-QUADRATIC-TRANSFER-DECIMAL100-NEGATIVE	2026-09-02T14:51:00+02:00	cd1232cb448fbda9003fab366e9095ffd36913d83ddaeba9e9521d886057b07f	k=48;alpha=79247/300000;eta=76247/300000;delta=1/100;B1=B2=3/20;B3+=97/625;inputSHA8650e44c;multiplierSHAfbc8c38d	272-term integer-scaled D12 base times exact D4 96-coordinate quadratic stratum multiplier	Decimal100 direct recurrence;independent static output replay normal/-O	0.9555961622099513236283020204477523519712806160316754859988087606023806975800844058870403606217435970	DISCOVERY-OUTPUT AUDIT PASS;negative;rigorous=false;not a D12 multiplier-space upper bound	25586.997310	360208	Result SHA7e9f62fd, I-stage SHA8b5c1c1a; D=8.8327321172027604511e289,N=8.4405249130275358622e289,margin=-3.9220720417522458896e288. Counts1575 orbit groups/312 I faces/695 marginals/1200 J domains. Root reran auditor normal/-O. No dyadic certification or H=1+Q transfer launched.
C10-D4-IMPORTANCE-CALIBRATION-V5-PRELAUNCH-AUDIT	2026-09-02T20:25:22+02:00	b0b4350ff1804530724c87b8693aa4dd0059904f3eb9d72696497fb3c90c1b41	k=48;C10;gateSHA860a9a51;activeDims16/47/93;Istruct336;Jstruct876	conditional all-stratum D4 importance calibration protocol	static hostile algebra/provenance/race audit;11/11 normal and -O;producer20/20 and full76/76 each mode	NA	SCOPED AUDIT PASS prelaunch discovery-only;production unauthorized;no chains/output/quotient	4.2 independent rerun	lightweight	Report SHA50921857; hostile suite SHA8357fa78 and canonical wrapper SHAb5e4bc30. Held-dirfd production/extension/generic-final publication closes v3/v4 ancestor-symlink races; O_EXCL, inode replacement, factor48, exact masks/local r15 whitelist, batch moments, and resource/statistical fail values tested. Invalid gate SHAs fcce,0d52,2e24,a2ca bound in order. Future stochastic output still needs independent audit and exact/dyadic candidate reevaluation.
C10-D4-IMPORTANCE-V5-OUTPUT-CONSUMER-PRECOMPLETION-AUDIT	2026-09-02T20:40:00+02:00	4e9ab0002b3f33019162d537f03310880e0ff788d48b36239957d05cb9608cf7	k=48;C10;driverSHAb0b4350f;gateSHA860a9a51;authSHA11f75e01;128 checkpoints	completed-output decision consumer	static hostile provenance/import/path audit;8/8 normal and -O	NA	SCOPED PRE-COMPLETION AUDIT PASS AFTER THREE REPAIRS;discovery-only;no production decision;auditor not output-blind afterward	2.5 test rerun	lightweight	Report SHAac722918. Supersedes invalid auditor906a2f8e: repaired unbound self hash, fake sys.modules arithmetic substitution, and audit-output child inside trusted record directory. External result+self SHAs precede production access; 8 local modules and NumPy2.2.4 runtime bound. After static freeze, an overbroad rg location search accidentally printed part of live normal checkpoint J_r00_rep2; no value was parsed/analyzed/used, but this auditor is disqualified from wholly output-blind normal postcompletion verdict. Root/fresh auditor must run completed consumer.
C10-D4-DEGREE3-MOMENT-CONSUMER-PRELAUNCH	2026-09-02T20:45:00+02:00	fedf1970b197af825675fa62644aa227875487453d125ad454d213ebcdedfb7c	k=48;C10;degree3;dim160;expectedRank154;authSHA8bf587b2	read-only consumer for a completed exact D4 degree3 moment artifact	exact row reconstruction plus Decimal120/200 discovery solve;7/7 normal and -O	NA	PRELAUNCH CONSUMER PASS;no result opened;no quotient	41.93 D2 p120 calibration	32672	Gate SHAa1ab82c3,note SHA9c693d7b,tests SHA421f5630. Caller pins result and consumer; auth/source/reference closure required. Dense448 I inventory and sparse J subset of independently enumerated10980 query tags SHA746de1d7; exact D2 submatrix, rank/dependence, two-precision residual, and conditional exact rational-vector gates frozen. D2 p120 calibration q=.9539674388485507785778746590646,residual3.68e-111,25935 rotations. No D3 result or partial output read.
C10-D4-IMPORTANCE-V5-OPT-OUTPUT-CONSUMER-PRECOMPLETION	2026-09-02T20:50:00+02:00	d67005ba95fc1a0435bbe8122d612393c8939b3ea6ea761416224954894227bd	k=48;C10;optAuthSHA26f8da92;sharedGate860a9a51;128 checkpoints	optimized replication completed-output consumer	static exact-source parity plus3/3 normal and -O	NA	SCOPED PRE-COMPLETION PARITY AUDIT PASS;no optimized live output read	1.2	lightweight	Report SHAd50dd4ab. Inverse substitutions prove exact equality to repaired normal consumer except doc label,opt authorization/output/record paths,and auth SHA. External self/result completion tokens retained. No optimized result,checkpoint,or statistical decision inspected.
C10-D4-IMPORTANCE-V5-NORMAL-COMPLETED-REJECTED	2026-09-02T20:52:15+02:00	7a0685f089125654f5faddced809cce784f9b7aabfd9c4ae8e669771710ab2da	k=48;C10;productionSHA5a7a05f3;gateSHA860a9a51;authSHA11f75e01;128 checkpoints	repaired completed-output replay and audit publication	fresh temporary audit publication;8/8 normal and -O tests	NA	PUBLICATION PASS;IMPLEMENTATION_REJECTED: active denominator matrix numerically rank deficient;no quotient/candidate	0x1.f4e192c05b000p+9	72852	Temporary audit SHAdb1b7b74; report SHAfeed62e2. Reconstructed record core1bc61ef8,analysis core70ade593,decision code1,exact ArithmeticError diagnostic. Preserved failed sentinel SHAa4f8518b. Auditor is not wholly output-blind due separately recorded earlier partial-byte exposure; canonical audit-v2 output untouched.
C10-D4-IMPORTANCE-V5-OPT-OUTPUT-CONSUMER-PRECOMPLETION-V2	2026-09-02T20:52:15+02:00	319d9e2c8aa09c7d6ab1dfe54ba0624519953e9e6ac84e6bf15bd8c603bff642	k=48;C10;optAuthSHA26f8da92;sharedGate860a9a51;128 checkpoints	optimized replication repaired completed-output consumer	static exact-source parity plus3/3 normal and -O	NA	SCOPED PRE-COMPLETION PARITY AUDIT PASS;no optimized live output read	1.2	lightweight	Supersedes historical d67005ba row. Inverse six substitutions prove source equality to repaired normal consumer7a0685f0, including explicit analysis_failure emission; tests SHA49c14566; report SHA7d54b7f3. No optimized result/checkpoint/statistical decision inspected.
C10-D4-IMPORTANCE-V5-RUN-COMPARATOR-PRECOMPLETION	2026-09-02T20:58:00+02:00	16f1373875477c0ae93f16ce035adcfff90537e8cdc7a1ec0d009b97d060b0f6	k=48;C10;normalAuditor7a0685f0;optAuditor319d9e2c;128 leaves	normal-vs-optimized completed-run mathematical comparator	producer3/3 plus independent4/4 synthetic hostile tests normal and -O	NA	SCOPED PRECOMPLETION AUDIT PASS;no live result/audit/checkpoint read	<1	lightweight	Report SHA76ab0eff; hostile suite SHA47840b69. Repaired garbage status/decision, common k=47, wrong schedule, fabricated result inode, leaf order, and late output-replacement false accepts. Exact convention SHA43c7a2d2,schedule SHA7d618324,leaf-name SHA28ee32b0. Requires four root-supplied completion SHAs before any comparison; no realized stochastic verdict.
C10-D4-IMPORTANCE-V5-OPT-COMPLETED-REJECTED	2026-09-02T21:02:00+02:00	319d9e2c8aa09c7d6ab1dfe54ba0624519953e9e6ac84e6bf15bd8c603bff642	k=48;C10;optResultSHAf2080946;optAuditSHA9c3169f6;128 checkpoints	optimized replication completed-output replay	frozen optimized consumer;exact core comparison	NA	IMPLEMENTATION_REJECTED: active denominator matrix numerically rank deficient;no quotient/candidate	NA	NA	Opt result SHAf2080946, audit SHA9c3169f6. Exact records core1bc61ef8 and analysis core70ade593 match normal; exact ArithmeticError diagnostic and decision code1. Discovery-only stochastic calibration.
C10-D4-IMPORTANCE-V5-NORMAL-OPT-COMPARISON	2026-09-02T21:02:00+02:00	16f1373875477c0ae93f16ce035adcfff90537e8cdc7a1ec0d009b97d060b0f6	k=48;C10;normalResult5a7a05f3;optResultf2080946;normalAuditdb1b7b74;optAudit9c3169f6	completed normal-vs-optimized mathematical payload comparison	byte-pinned frozen comparator after scoped hostile PASS	NA	IMPLEMENTATION_REJECTED IDENTICALLY;mathematical cores equal;only declared provenance/resources differ	NA	NA	Comparison SHAfe6625bf. Records core1bc61ef8 and analysis core70ade593 equal; both exact failure diagnostics identical. Differing result keys only authorization binding/SHA,checkpoint bindings,wall/RSS; differing audit keys only declared run provenance/resources. No Ritz matrix or sieve claim.
C10-D4-DEGREE3-MOMENT-COMPLETED	2026-09-02T21:17:00+02:00	e48d46f447893d21addef38d979670107086550495fd390a1adeebf1ad6ba7ef	k=48;C10;fixedD4SHA2b11;degree<=3;dim160;exactRank154	fixed D4 base times every stratum-tagged L/Z monomial of total degree at most 3	Fraction exact matrices plus Decimal120/200 discovery solve	0.9657718400877050661680622450967395128750070397885660081416155...	exact matrices; numerical root only; no rationalization	2284.323296	60548	Producer result SHAc9cce84c; fused/unfused every entry equal; exact D2 oracle; A SHA5a412e44; B=48J SHA58aa4b98. Consumer report SHA4f92ffd4 reconstructs rank154 and agrees across precisions to relative1.055e-114. Both roots below1.
C10-D4-DEGREE3-FINITE-SPACE-OBSTRUCTION	2026-09-02T21:35:00+02:00	d422fe7a472c61223a367c2e1cc1bb332fa79bcb2036f2e083c9ee183ed3d3d1	k=48;C10;producerSHAc9cce84c;activeDim154	complete quotient space after six exact common-zero rows	Fraction exact congruence plus outward fixed-point interval LDL at 768 bits	<1 for every nonzero quotient vector	RIGOROUS FINITE-SPACE OBSTRUCTION;INDEPENDENT AUDIT PASS	3.565827	84256	Canonical obstruction SHAace35d91; all154 pivot lower endpoints positive; exact midpoint residual<=2^-725 and perturbation base>=2^-388 (337-bit separation). Independent stdlib verifier SHA5df6955c and report SHA824d78ee reproduce A/B/rank/pivots/hashes normal/-O; 46 total tests. Scope is pinned D4 degree<=3 only, not D12.
TWO-BAND-D12-FLOAT64-MC-CONTROL-FAIL	2026-09-02T21:44:33+02:00	b1303e5bc1bd36433c4ae1d657c73405c9d7d8bfd236d1fab1fdef4fc825f4ff	k=48;A1=1/4;A2=253/1000;epsilon=3/400;delta=7/250;innerB=103/400;outerB=2/25;4x200000	fixed 272-term D12 full-simplex vector on literal two-band Definition-5 support	float64 paired uniform-simplex Monte Carlo	new support 0.4702--0.4803; C10 control 0.5688--0.5789	INVALIDATED SCREEN;known exact C10 control is 0.9709698476	26.91	NA	Output SHAed84171b. The paired formula retains J22+2J12 on eta2 and J11 only on eta1, but catastrophic cancellation/rare-event sampling makes the absolute control wrong by about0.40. No two-band sign or comparison is inferred; exact D4 cross-band integration remains required. Preserved as failed data, not a certificate.
C10-D4-IMPORTANCE-V6-PRELAUNCH-AUDIT-FAIL	2026-09-02T21:59:11+02:00	26cc965edcefaef939a692729f11ccc51e76252c4c1877a2f9c8027e5007cfb1	k=48;C10;gateSHAd7ab62d0;transformedDims16/47/93	exact-whitened conditional importance calibration	static hostile audit plus exact transform/direct-evaluation reconstruction	NA	AUDIT FAIL;production disabled;J serialized local second-moment bound omitted	NA	lightweight	Report SHA2c2b3ec5; verifier SHAb643bd74; permanent mutation regression SHAb278c5a7. Exact transform and direct point/marginal formulas passed, but an impossible batch z-second above the stratum Cauchy bound was accepted.
C10-ONE-BAND-SHARPENED-D4-EXACT	2026-09-02T22:10:26+02:00	2086244acb674e5bd92e4880fb38d32d6dd981cd0272db595de2578554da257e	k=48;A=253/1000;epsilon=3/400;delta=7/250;B1=B2=159999999/1000000000;B3+=889/5000	all-signatures-without-ones D4;dim12	Fraction exact matrix and rational vector;cache-free grouped recontraction	0.87119993080792551096765467956040474285	exact particular-vector negative;analytic support PASS;largest-root discovery only	193.220743	22560	Matrix SHA554b2a8f; pairwise artifact SHAa6b3ef42; robust rational-vector SHA4e93e9d9; grouped SHA1fb036aa. Same-source B889 control q=.871199930548528066751704376649, so exact gain is about2.593974442159e-10. Geometry/Prop1 artifacts 0bef3e4b/6189ac7a; tests a9c01a25 pass normal/-O.
C10-D4-IMPORTANCE-V61-PRELAUNCH-AUDIT-FAIL	2026-09-02T22:13:32+02:00	3ecde36c901b2fb98bb0783ae77da7916e5e8bef062b9b3169b9f3b572f43409	k=48;C10;gateSHAff1b6c71;transformedDims16/47/93	exact-whitened conditional importance calibration with local upper bounds	static hostile audit plus tiny-tail mutations	NA	AUDIT FAIL;production disabled;unit-floor aggregation/Jensen tolerances erase r15 moments	NA	lightweight	Report SHA3e86f5b7; verifier SHAce527cf6; permanent regressions SHA339e3620. Validator accepts zero raw sum against positive 4.14e-21 batch mean and zero second moment against positive mean squared.
FULL-BV-TWO-BAND-PROP1-ANALYTIC-CHECK	2026-09-02T22:22:54+02:00	5d26e6e2a859b87ec50c09dcc883793faf0b8d662415e19eb7b300ddb56dbe3b	k=48;A=(-3/400,1/4,253/1000);epsilon=3/400;delta=7/250;innerB=103/400;outerB=43/500,43/500,57/500,71/500,71/500,71/500	prime-indicator direct-BV/direct-HB distribution cases	Fraction exact fixed covers and dynamic rational IIc cell enumeration	NA	source-level analytic PASS;no quotient;final independent audit still required	NA	lightweight	Artifact SHA4d70440c. Classical BV handles inner/inner; repaired direct-HB covers 59+59 mixed and20 outer cases; dynamic widened gamma_min check covers15104/15104/8960 nodes. c1=c2=0. Remaining theorem gate is exact q>1 plus final audit.
TWO-BAND-BV-R0-EVEN-D4-EXACT	2026-09-02T22:14:59+02:00	e1bccfc497c8193bd7e4d8c828a07e303b709f59d4223b183b9ca88c6f0b163e	k=48;full-BV-two-band;outer-schedule=43/500,43/500,57/500,71/500,71/500,71/500	BV D16 radial vector plus R=0 outer-shell even orbits through D4;dim11	Fraction exact matrix;Decimal120/180 discovery;rational vector exact contraction	0.981286530059850515750832539384816187	exact particular-vector negative;independent cache-free D4 reconstruction PASS normal/-O	16.597999	30520	Artifact SHA0d31daa7; matrix SHAf2cb8b74; exact gain over radial benchmark6.4045029497462454e-7. Independent checker SHA cb8a6a4e reconstructs all66+66 symmetric entries, LDL pivots, and exact forms without producer imports; normal/-O PASS; audit artifact SHA7e6e7dd7.
TWO-BAND-BV-R0-EVEN-D6-EXACT	2026-09-02T22:15:44+02:00	e1bccfc497c8193bd7e4d8c828a07e303b709f59d4223b183b9ca88c6f0b163e	k=48;full-BV-two-band;outer-schedule=43/500,43/500,57/500,71/500,71/500,71/500	BV D16 radial vector plus R=0 outer-shell even orbits through D6;dim22	Fraction exact matrix;high-precision discovery;rational vector exact contraction	0.981287537947427736283762456701249520	exact particular-vector negative;producer-level	28.735324	36096	Artifact SHA7ee51b62; matrix SHAa55c230a; exact gain over radial benchmark1.6483378721951575e-6. Not a full outer-schedule block or finite-space upper bound.
TWO-BAND-BV-R0-EVEN-D8-EXACT	2026-09-02T22:17:32+02:00	e1bccfc497c8193bd7e4d8c828a07e303b709f59d4223b183b9ca88c6f0b163e	k=48;full-BV-two-band;outer-schedule=43/500,43/500,57/500,71/500,71/500,71/500	BV D16 radial vector plus R=0 outer-shell even orbits through D8;dim41	Fraction exact matrix;Decimal200/280 discovery;rational vector exact contraction	0.981288886590512757488713567968224188	exact particular-vector negative;producer-level;R0 ladder retired by gate	88.912632	49892	Artifact SHA79dc2c11; matrix SHA45c45938; exact shortfall .018711113409487242511286432031775812 and gain2.9969809572163624e-6. Misses predeclared .005 continuation gate by about1668x; does not test high-count outer strata.
C10-D4-IMPORTANCE-V62-PRELAUNCH-AUDIT-FAIL	2026-09-02T22:25:00+02:00	031f244728fd5ff4df041bb50bfa006bd3bab6724d2c9e3bb82298882f54c63a	k=48;C10;gateSHA3642ace1;transformedDims16/47/93	exact-whitened conditional importance calibration with local-scale consistency	static hostile audit plus minimum-subnormal mutations	NA	AUDIT FAIL;production disabled;positive raw totals can underflow after division	NA	lightweight	Report SHA3105d232; verifier SHA2c503f9f; regression SHAbb2a1aa0. Minimum positive binary64 raw totals and batch aggregates are accepted after their required averages round to zero. V6.3 must authenticate raw totals before division.
C10-D4-IMPORTANCE-V63-PRELAUNCH-AUDIT-FAIL	2026-09-02T22:31:00+02:00	32030ecb5eaa2f73983309a20563a8702abfe9a4c0d22a2675936e7d802d9830	k=48;C10;gateSHAb5098156;transformedDims16/47/93	exact-whitened conditional importance calibration with raw-total checks	fresh hostile audit;all predecessor attacks plus subnormal Jensen fixture	NA	AUDIT FAIL;production disabled;positive first moments with zero seconds accepted	NA	lightweight	Report SHA9b65083f; verifier SHA6302c8f8; regression SHA0aa8fa5c. With h=2^-537 and h^2 minimum-subnormal, batches of first mean h and second zero survive the inherited one-ULP Jensen tolerance. V6.4 must impose the exact sign implication before tolerance checks.
FULL-BV-TWO-BAND-PROP1-IMMUTABLE-V4	2026-09-02T22:33:00+02:00	1a771681617757b7a67c137e80a0dced72046493a55cfa9aa64a3e38e2ff53aa	k=48;A=(-3/400,1/4,253/1000);epsilon=3/400;delta=7/250;innerB=103/400;outerB=43/500,43/500,57/500,71/500,71/500,71/500	weighted-prime-minorant direct-BV/direct-HB analytic transfer	Fraction exact immutable rerun with fixed and dynamic continuum covers	NA	source-level analytic PASS;theorem_ready=false pending q>1 and independent final audit	NA	lightweight	Artifact SHA2c413b36 supersedes mutable/rejected v3 and earlier v2 ledger status. Exact fixed pair counts59/59/20 and dynamic nodes15104/15104/8960; rho=(log n/log(3x))*1_P with c1=c2=0; all Proposition1 analytic hypotheses claimed in scope.
WIDE-BV-C722-HYBRID-INTERVAL-GRID-ABORT	2026-09-02T22:39:00+02:00	UNPINNED-TRANSIENT	k=48;delta=361/50000;A1=1/4;A2=3121/12000;32 ramp/plateau candidates	full-BV inner band plus diffuse outer schedules	Fraction exact interval-cover grid	NA	ABORTED SCREEN;no candidate verdict	240	lightweight	The first continuum-cover candidate consumed several minutes with buffered output, so the 32-point grid was interrupted and replaced by the proved minimal-prefix representation. No partial result or support claim was inferred.
WIDE-BV-C722-HYBRID-REVERSED-DYNAMIC-CELLS-INVALID	2026-09-02T22:44:00+02:00	UNPINNED-TRANSIENT	k=48;delta=361/50000;epsilon=3/400;A=(-3/400,1/4,3121/12000);outer-ramp	full-BV inner band plus diffuse outer shell	Fraction exploratory 16x16 dynamic cell loop	NA	INVALIDATED: mixed gamma endpoints were traversed backwards	29.8	lightweight	The exploratory loop reported193280+193280 mixed checks despite gamma_max=.390513... being below gamma_min=.4-H. Those checks are meaningless and discarded. The repaired durable checker declares both mixed dynamic ranges empty and retains only the nonempty outer cells.
WIDE-BV-C722-HYBRID-GEOMETRY-EXACT	2026-09-02T22:49:00+02:00	67556bfdeb37621a02f1021803c6a09dba8181dcb9e6d5f0a3ede3c487ee3358	k=48;delta=361/50000;epsilon=3/400;A=(-3/400,1/4,3121/12000);innerB=103/400;outerBm=min(11/200+(m-1)delta,3/20)	full-BV core plus active-count0..20 diffuse shell	Fraction exact fixed minimal-prefix and conservative dynamic-IIc cells;normal/-O byte-identical	NA	EXACT GEOMETRY PRODUCER PASS;no analytic-source audit or quotient	4.44	18732	Artifact SHAc97733bb. Checks755 cross+755 transpose+440 outer ordered pairs across four fixed branches=7800; mixed dynamic gamma range empty;112640 outer cells pass with least strict margin73399997/15000000000. Shell width121/12000 and exact BV D16 core embedding. Independent audit required.
C10-D4-IMPORTANCE-V64-PRELAUNCH-AUDIT-FAIL	2026-09-02T22:56:00+02:00	189177cec83727077e3ce21ae5e56264b08db4479ee8a20f5b5f36db9fb2cbdd	k=48;C10;gateSHA6fac3831;transformedDims16/47/93	exact-whitened conditional importance calibration with sign implications	fresh hostile audit;real-adapter marginal-constant underflow fixture	NA	AUDIT FAIL;production disabled;weighted first moment can square-underflow to zero	NA	lightweight	Report SHAaea310d5; verifier SHAfd3370ae; regression SHA3e387aca. With h=2^-600 the real weighted_m0 is nonzero but its binary64 square is zero and the wrapper accepts recorded z=0. V6.5 must authenticate before squaring.
C10-D4-IMPORTANCE-V65-PRELAUNCH-AUDIT-FAIL	2026-09-02T23:02:00+02:00	6e6e74569dc707fc384b6774cd96d9407dcd7176ce1115ca395201d02dd12945	k=48;C10;gateSHA5aec0928;transformedDims16/47/93	exact-whitened conditional importance calibration with pre-square underflow guard	fresh hostile audit;real-adapter DBL_MAX overflow fixture	NA	AUDIT FAIL;production disabled;recomputed square and tolerance become infinity	NA	lightweight	Report SHA6dc01442; verifier SHA5ca07de7; regression SHAf400f250. A finite forged unit produces weighted m0 near2^1017 and square=inf; tolerance=inf makes the public comparison accept. V6.6 is frozen but unaudited.
TWO-BAND-BV-FULL-OUTER-CONSTANT-EXACT	2026-09-02T23:05:09+02:00	75637298284a40be523621ebe1fcdc85bda59dcac42514fb8b50ffd8b460259d	k=48;full-BV-two-band;outer-schedule=43/500,43/500,57/500,71/500,71/500,71/500	BV D16 radial vector plus constant on every allowed outer stratum;dim2	Fraction exact cross-support branch integration;Decimal discovery;rational exact contraction	0.98128646845676605646094733704122157823	exact negative particular-vector;independent contraction/by-count/root checker PASS normal/-O	1483.674	35768	Artifact SHA4a4d94f; checker SHA0d661870. Gain over radial BV5.788472105153e-7, which is6.160308446e-8 below audited R0-D4. Full-outer constant direction retired, not a finite-space upper bound.
WIDE-BV-C722-HYBRID-HIGH-PLATEAU-GEOMETRY	2026-09-02T23:20:00+02:00	732495cdd16614ff0b4679a3f49e6333d4ac4f02280c85778eb5a0bb1a935e31	k=48;delta=361/50000;epsilon=3/400;A=(-3/400,1/4,3121/12000);innerB=103/400;outerBm=min(11/200+(m-1)delta,43/250)	full-BV core plus active-count0..23 high-plateau shell	Fraction exact fixed minimal-prefix and conservative dynamic-IIc cells;normal/-O byte-identical	NA	EXACT GEOMETRY PRODUCER PASS;independent/source audit running;no quotient	5.58	lightweight	Artifact SHAbee9f17f supersedes the p=.15 schedule. Outer fixed575 pairs/2300 branches worst20799452461/465000000000000;147200 dynamic cells worst2449991/60000000000. Exact independent shell-volume artifact v2 SHAa82a73ea gives3.7099223495912935e-91.
WIDE-BV-C722-HYBRID-VOLUME-RAMP-GEOMETRY	2026-09-02T23:20:00+02:00	732495cdd16614ff0b4679a3f49e6333d4ac4f02280c85778eb5a0bb1a935e31	k=48;delta=361/50000;epsilon=3/400;A=(-3/400,1/4,3121/12000);innerB=103/400;outerBm=min(49/625+(m-1)delta,1599/10000)	full-BV core plus active-count0..22 volume-ramp shell	Fraction exact fixed minimal-prefix and conservative dynamic-IIc cells;normal/-O byte-identical	NA	EXACT GEOMETRY PRODUCER PASS;independent/source audit pending;no quotient	5.52	lightweight	Artifact SHA3b1894b6. Mixed fixed827 pairs each orientation/3308 branches worst3049959149/45000000000000; outer fixed528 ordered pairs/2112 branches worst24199986563/15000000000000;135168 dynamic cells worst629999/8000000000. Producer exact constant shell volume6.5006809721369851e-90,17.5224x high-plateau; independent reconstruction pending.
WIDE-BV-C722-HYBRID-VOLUME-COMPARISON-V3	2026-09-02T23:22:00+02:00	435585f4275e903f12d215236bad431016bf304c46e6cd267bc5cec0bc153357	k=48;delta=361/50000;alpha1=103/400;alpha2=3211/12000;high-plateau and volume-ramp schedules	constant function on exact capped outer shell	Fraction exact independent support recurrence;normal/-O byte-identical	NA	EXACT I-MASS COMPARISON ONLY;no J or quotient	NA	lightweight	Artifact SHAc9fefd5c. Volume-ramp shell I=6.5006809721369850844695e-90, exactly17.5224178825552443567 times high-plateau I=3.7099223495912935445e-91. High-count ramp remains falsified as a volume mechanism.
WIDE-BV-C722-HYBRID-HIGH-PLATEAU-GEOMETRY-REPAIRED	2026-09-02T23:25:00+02:00	ffe1904e70f6240ca0de30d6a44ad275ce84982f973374e66f2a3a2ab3025c06	k=48;delta=361/50000;epsilon=3/400;A=(-3/400,1/4,3121/12000);outerBm=min(11/200+(m-1)delta,43/250)	full-BV core plus active-count0..23 high-plateau shell	Fraction exact corrected fixed/dynamic producer;normal/-O byte-identical	NA	REPAIRED GEOMETRY PRODUCER PASS;hostile source audit pending;no quotient	4.19	lightweight	Artifact SHAe71f5411. Supersedes SHAbee9f17f: IIb C3 is now uniform delta+2omega and an explicit outer-near omega=0 IIa/IIb/III cover adds1725 checks, worst15449999/2500000000. Mixed uses fixed cross-omega; outer-above uses outer-omega/dynamic IIc.
WIDE-BV-C722-HYBRID-VOLUME-RAMP-GEOMETRY-REPAIRED	2026-09-02T23:25:00+02:00	ffe1904e70f6240ca0de30d6a44ad275ce84982f973374e66f2a3a2ab3025c06	k=48;delta=361/50000;epsilon=3/400;A=(-3/400,1/4,3121/12000);outerBm=min(49/625+(m-1)delta,1599/10000)	full-BV core plus active-count0..22 volume-ramp shell	Fraction exact corrected fixed/dynamic producer;normal/-O byte-identical	NA	REPAIRED GEOMETRY PRODUCER PASS;hostile source audit pending;no quotient	3.74	lightweight	Artifact SHA3517533f. Supersedes SHA3b1894b6: uniform IIb C3 and explicit outer-near omega=0 cover add1584 checks, worst75949999/2500000000. Other least margins remain3049959149/45000000000000 fixed mixed and629999/8000000000 dynamic outer.
C10-D12-STRATUM-AMPLITUDE-DISCOVERY	2026-09-02T23:28:00+02:00	d23d42315d7b518ae5d3f200a6192f47f3500d6eebd3a73fb6aa4ce7a23c7887	k=48;C10;inputSHA719c656e;16 amplitudes R=0..15	fixed 272-term D12 polynomial times one scalar per large-count stratum	Decimal100 grouped integration;Decimal120 tridiagonal solve;rational amplitudes exactly contracted against serialized approximate blocks	0.9759647938310049211572412672855449860	HEURISTIC NEGATIVE;input moments are not exact;normal/-O deterministic solve	7426.042	306848	Block artifact SHA7bc4f1a2; solve script SHA7b700f47; result SHA2c743ef4. Reproduces all-ones q=.9709698476337896 at Decimal100; heuristic gain .0049949461972153 and shortfall .0240352061689951. Below strongest exact BV q=.9812858896, so no exact reconstruction launch and no finite-space upper bound.
FULL-BV-TWO-BAND-PROP1-V4-WITHDRAWAL	2026-09-02T23:31:00+02:00	1a771681617757b7a67c137e80a0dced72046493a55cfa9aa64a3e38e2ff53aa	k=48;narrow-two-band;artifactSHA2c413b36	weighted-prime-minorant direct-BV/direct-HB analytic transfer	hostile source-range audit	NA	ANALYTIC PASS WITHDRAWN;finite-form quotient calculations remain exact algebra	NA	lightweight	V4 checked maximum-omega fixed branches and dynamic IIc but omitted explicit near-square omega=0 IIa/IIb/III covers for mixed and outer band pairs. Corrected disjoint range split/uniform IIb C3 v5 required. D4/D6/D8/R0 and full-outer constant results are conditional on that repair meanwhile.
WIDE-BV-C722-HIGH-PLATEAU-ANALYTIC-AUDIT	2026-09-02T23:32:00+02:00	b0a972af7d5a708fe0cb52eabeb9a477f70606399743c4f6856559271ab7af06	k=48;wide-C722;outerBm=min(11/200+(m-1)delta,43/250)	weighted-prime-minorant direct-BV/direct-HB analytic transfer	independent Fraction source/range/prefix/dynamic reconstruction;normal/-O byte-identical	NA	ANALYTIC AUDIT PASS;no quotient	NA	lightweight	Report SHA2948b4c0; output SHA5f43cbf3. Explicit disjoint assignment: inner BV; mixed fixed cross-omega throughout; outer near omega0 fixed IIa/IIb/III with empty IIc; outer above fixed outer-omega plus dynamic IIc. Corrected IIb C3;147200 dynamic cells worst2449991/60000000000; c1=c2=0.
WIDE-BV-C722-VOLUME-RAMP-ANALYTIC-AUDIT	2026-09-02T23:33:00+02:00	f6882dd2df8c0fa6eee900c12f31a9dce453603a948ac7c391c4ad62815bb5a4	k=48;wide-C722;outerBm=min(49/625+(m-1)delta,1599/10000)	weighted-prime-minorant direct-BV/direct-HB analytic transfer	independent Fraction source/range/prefix/dynamic reconstruction;normal/-O byte-identical	NA	ANALYTIC AUDIT PASS;no quotient	NA	lightweight	Report SHAf6c3eb4d; output SHA88b6e1ae. Full corrected range split and uniform IIb C3;135168 dynamic cells worst629999/8000000000; weighted rho has c1=c2=0. Analytic route complete pending only finite q>1 and final certificate audit.
FULL-BV-TWO-BAND-PROP1-V5-REPAIRED	2026-09-02T23:42:52+02:00	03cc767fb8c95156afffdcc0c30c5b8811934a6a495827ff9478bb3c1323ecae	k=48;A=(-3/400,1/4,253/1000);epsilon=3/400;delta=7/250;innerB=103/400;outerB=43/500,43/500,57/500,71/500,71/500,71/500	weighted-prime-minorant direct-BV/direct-HB analytic transfer with disjoint small/near/above modulus ranges	Fraction exact literal fixed covers and repaired dynamic IIc;normal/-O byte-identical	NA	ANALYTIC AUDIT PASS;supersedes withdrawn v4;theorem_ready=false pending q>1/final independent audit	16.70 normal;18.83 -O	20556KiB normal;26648KiB -O	Artifact SHA358b5bf1; tests SHA2715fb18 4/4 both modes. Near omega0 mixed/transpose/outer inventories59/59/35 pairs and177/177/105 boxes; negative all-first IIb(1,4) slack -6250003/7500000000 repaired by literal redistribution, prefix slack63249999/2500000000. Corrected IIb C3=delta+2omega; dynamic above cells15104/15104/8960.
WIDE-C722-D16-FIXEDPOLY-MC-SMOKE	2026-09-02T23:36:00+02:00	b1303e5bc1bd36433c4ae1d657c73405c9d7d8bfd236d1fab1fdef4fc825f4ff	k=48;wide-volume-ramp;1000 samples;seed236	BV D16 polynomial evaluated unchanged on both bands	binary64 uniform-simplex Monte Carlo	0.8756893000609424	HEURISTIC INVALIDATED BY BASELINE MISMATCH;never a certificate	0.7	lightweight	Artifact SHAedf750f4. Single-chain plugin SE .11397. Retained only as smoke; superseded by larger diagnostic and forbidden for support ranking.
WIDE-C722-D16-FIXEDPOLY-MC-50K4	2026-09-02T23:37:00+02:00	b1303e5bc1bd36433c4ae1d657c73405c9d7d8bfd236d1fab1fdef4fc825f4ff	k=48;wide-volume-ramp;50000 samples/replicate;4 replicates;seeds236+1009r	BV D16 polynomial evaluated unchanged on both bands	binary64 uniform-simplex Monte Carlo	0.8645..-0.9257	HEURISTIC INVALIDATED BY BASELINE MISMATCH;never a certificate	10.98	199524	Artifact SHA8ca0d5e4. The companion full-BV baseline run returned1.1086..-1.1399 instead of the exact .9812781, so rare-event variance/cancellation makes these wide values unusable even as a direction ranking.
BV-D16-UNIFORM-MC-BASELINE-FAIL	2026-09-02T23:39:00+02:00	5575525588f8e73045694c44868112276c1920fb26f7057d28d6a8e62568f106	k=48;alpha=103/400;eta=97/400;delta=.028;100000 samples/replicate;4 replicates;seeds236+1009r	certified BV D16 rational polynomial	binary64 uniform-simplex Monte Carlo	1.108559..-1.139946	FAILED NUMERICAL REGRESSION;exact value is .9812781098197606	15.77	327848	Repro command uses mc_compare_fixed_orbit_vector.py with both bounds=103/400. Failure is preserved as a hard ban on interpreting the related wide uniform-MC output; no artifact was emitted by this CLI.
PIECEWISE-KRYLOV-L1-SMOKE-SUPERSEDED	2026-09-02T23:40:00+02:00	c0043fa4ecacf29d63fb121e4fe365eef929deb0b33bf1939a6809f9f3a6cb71	k=48;alpha=103/400;eta=97/400;10000 samples/replicate;2 replicates	piecewise span {1,L1}	binary64 Monte Carlo	0.71907,0.72170	SUPERSEDED;diagnostic exact-mu1 formula missed factor k-1	1.3	lightweight	Artifact SHA9e85791a pins the old script hash. The pencil calculation was unaffected, but this run is not used; the repaired million-sample run follows.
PIECEWISE-KRYLOV-L1-1M4	2026-09-02T23:42:00+02:00	f182eb5b66ce5f131ae549335d8c8fddbdf3976fa393c8557babd5b14940f97d	k=48;alpha=103/400;eta=97/400;1000000 samples/replicate;4 replicates;seeds236+1009r	piecewise span {1,L1};L1=sum_i(alpha-S+t_i)1_{S-t_i<=eta}	binary64 Monte Carlo with exact mu1 identity	0.6652700711..-0.6746984516	HEURISTIC NEGATIVE;not a rigorous integral or upper bound	6.04	73632	Artifact SHA7126c9de. Sampled mu1 agrees with exact 48J(1)/I(1)=.22730828993025806 within stated Monte Carlo errors. Constant-seeded first Krylov span retired; no inference about a high-degree-seeded residual.
WIDE-C722-HYBRID-D4-K30-COST-GATE	2026-09-02T23:48:00+02:00	21b9b384d0ec502cbfd83bacb2da1d7e7529a1131a8a959e28eaa948f568ba16	k_proxy=30;k_target=48;delta=361/50000;alpha1=103/400;eta1=97/400;alpha2=3211/12000;eta2=3031/12000;high-active0..23;volume-active0..22	certified radial amplitudes on one D4 radial polynomial plus one constant complete-outer-shell coordinate	Fraction exact k2 identities,shell I,geometry;one exact k30 cross cost probe	NA	DISCOVERY PRELAUNCH GATE;no proxy quotient or k48 form run	26.400	35320	Cost probe SHA710f31e9; disabled gate SHA718d8bba; 14/14 tests normal/-O. Two-process exact proxy estimate393.212s and70,640KiB aggregate passes; target D16 estimate8.893--9.085h fails4h gate. Continue only if best exact proxy gain>=1e-5 and schedule separation>=1e-7. Same-BV outer coordinate deferred:67 rest orbits/769 components versus one constant.
C10-D4-IMPORTANCE-V66-PRELAUNCH-AUDIT-PASS	2026-09-02T23:45:00+02:00	4d3698a2c5a4f39b2703980282f895fc44c6e1f0c6952865fb6d6dd6aad15825	k=48;C10;gateSHAfa101960;driverSHA69698f77;transformedDims16/47/93	exact-whitened conditional importance calibration wrapper/arithmetic	independent hostile static/runtime audit;8/8 hostile and 8/8 producer tests normal/-O	NA	AUDIT PASS scoped to prelaunch package;no chain/matrix/quotient	NA	lightweight	Report SHA6ff06457; hostile tests SHA36084f03. Closes all v6-v6.5 regressions plus signed boundary, cancellation, nonfinite, local-ULP, provenance, and runtime checks. Fresh D4 production run queued after exact D18 releases CPU; any sampled output remains heuristic.
WIDE-C722-D16-R15-FUSED-D4-BENCHMARK	2026-09-03T01:38:27+02:00	e7c4ff1901903fbb9c9ebe52fa64ef96b6183a185682372d4aad92cb22e750ab	k=3;degree=4;target-total=2;common-r=2;h=0;exact signed shell	inner plus high-minus-low scalar shell coordinate	Fraction exact values;7 interleaved wall repetitions	NA	EXACT LOW-K ALGEBRA REGRESSION AND ENVIRONMENT-SPECIFIC COST ONLY;no target quotient	1.72	lightweight	Artifact SHA22f45719; fused source cddb8a40; tests 7490d992 5/5 normal/-O. Exact literal expansion agrees for both common rows. On the staged face, density lifts fall15->5 and domain integrals11->6; median wall .148138s->.101965s, speedup1.45284x. Production k48 performance is not inferred from this low-k timing.
WIDE-C722-D16-R15-J-FACE-COST	2026-09-03T01:40:00+02:00	5086a4a381d301ae3a5b321f5e5afba685b677d6851694ef555f6ec76d7fdc58	k=48;volume-ramp;target-total=15;common-r=15;h=0;inner-c=1;outer-c=3090/3211	inner BV D16 marginal plus signed scheduled-shell count15 marginal	Decimal80;one incomplete common-count face	NA	DISCOVERY COST/CANCELLATION PROBE ONLY;incomplete row;no quotient or sign inference	160.85425828606822	237692	Artifact SHA16be6435; 11 branch-domain integrals. Raw F(H-L)=-9.229899163985476e-159 and (H-L)^2=8.174720013111695e-159; shell square is .00175423 of largest separate term. No full R15 launch follows because independent mixing diagnostics withdrew the count15 sign lead.
BV-AQUARTER-D18-D20-REFINEMENT-PRELAUNCH-PLAN	2026-09-03T00:00:23+02:00	25a811ca3ff5cb1db1276541efaca910abf3a63c9eea4f8321732bc1ee9d807e	k=48;alpha=103/400;eta=97/400;delta=7/250;D18dim471;D20dim707	BV graded-even D18 refinement and exact top24-pruned D20 residual continuation	source-bound exact inventories;Decimal180/240 convergence plan;cache-free exact checker design	NA	PRELAUNCH PLAN ONLY;no active-cache read;no D18/D20 computation or quotient	0.051 tests	lightweight	Plan-v2 artifact SHAe1a99497; spec SHA7c318eb3; tests SHA2f9a9b7d 6/6 normal/-O. Supersedes draft artifact191b7942 by serializing all236 exact B20-minus-B18 labels (97 degree19,139 degree20). D18 has111156 entries/adds63878; conservative build/check1.539h and refinement22.900min under768MiB. D20 scans111392 pairs then top24 adds276, totaling111668 versus139122 full; scan/full=.802664, selected matrix122760 versus250278. Both launches disabled pending cache-free D18 certificate and gates.
WIDE-C722-BV-D16-DILATION-DEFINITION5-UNCAPPED	2026-09-03T00:28:03+02:00	0b322ed3b6ea45bfb4f6a7a57deebe34cc57f2a41df68f6f0a592c91dd848d95	k=48;alpha1=103/400;eta1=97/400;alpha2=3211/12000;eta2=3031/12000;c=3090/3211	certified BV D16 polynomial under exact dilation;inner plus uncapped outer-shell amplitude	Fraction exact independent orbit-marginal contraction;Definition-5 cutoffs;2x2 rational Rayleigh rows	0.9998797514617516855475527480694393773505710521758303831690167411712585	EXACT SEARCH RELAXATION NEGATIVE;analytic_support_approved=false;not theorem/upper bound	162.22	120688	Artifact SHA05410084; tests SHAbca7147b 7/7 normal/-O; doc SHA3462e83e. Independently matches root matrix/rows SHA9a75380b. Correct inner q=.9713454871884040, wide-cutoff diagnostic=.9928703759765677, uncapped one-band q=1.0207823750831113. Definition-5 optimized rational amplitude1.0263209 gives exact shortfall.00012024853824831445; volume-ramp cap loss remains unevaluated.
WIDE-C722-VOLUME-SHELL-TAGGED-CONSTANT-EXACT	2026-09-03T00:04:08+02:00	dbbf990caf2c1e6bc418d525d4becdaedc82af54eec457e8eb5578da29555cc5	k=48;wide-volume-ramp;active-R=0..22;dim23	constant on each exact large-count stratum of the complete capped outer shell	Fraction exact HH/HL/LL branch integration;Decimal100/160 discovery;exact rational contraction and LDL bound	0.06227415014937171943611071373528987994389464756553	exact particular negative;entire finite space rigorously q<1/16;AUDIT PASS normal/-O	19.20 normal	28232KiB normal	Artifact SHA5ad7b42e; I-only SHA3bc1f4cc; checker SHA85d5a630; report SHAdf31c812. Exact mass ranks12,13,11,14,10 and eigen-I ranks11,12,10,13,9,8 identify R10--13 as first targeted BV cross tier. No D16 cross form and no sieve certificate.
WIDE-C722-NONUNIFORM-INNER-D16-CROSS-IDENTITY	2026-09-03T02:15:00+02:00	eff218454a1ce60a0af4aa0d046a41c27f787245af917697bed3d274f1b91f4b	k=48;delta=361/50000;A=(-3/400,1/4,3121/12000);outerScheduleSHA52d71a36;common-r=10;h=10	fixed audited radial BV D16 inner coordinate crossed with every exact outer-shell count coordinate	Fraction exact literal-four-branch and direct-full-fiber grouped contractions	NA	EXACT FACE EQUALITY PASS;cost/oracle only;no quotient;full run disabled	13.516 literal;5.121 direct	49356KiB literal;37616KiB direct	Literal artifact SHA100413c1 and direct artifact SHA1aaaa0bd agree in all49 target-count entries. Direct identity integrates t from0 to alpha-U and groups only exact rationally equal domains. Source/tests eff21845/c5aaa159,6/6 normal/-O; analytic support JSON SHA700f7931. Pending stronger plateau continuation audit.
WIDE-C722-NONUNIFORM-INNER-D16-CROSS-COST	2026-09-03T02:18:00+02:00	eff218454a1ce60a0af4aa0d046a41c27f787245af917697bed3d274f1b91f4b	k=48;active-R=0..22;dim24;faces552;one-worker	one radial BV D16 inner coordinate plus23 exact count-tagged shell constants	five exact direct-full-fiber representative face probes;conservative max-face projection	NA	PRELAUNCH COST ONLY;no full stage producer or quotient launched	max6.497321s/face;projected0.9963h;safety2.9888h	max38132KiB;safety152528KiB	Probe artifact SHAs fc8f59dd,c4eb1966,1aaaa0bd,a1644120,03bca825 at faces(0,17),(5,15),(10,10),(15,10),(22,6). Preflight inventories34960 literal/7325 grouped upper domains. Report SHA4738b1ce. Full launch blocked pending final schedule pin and independent PRELAUNCH PASS.
WIDE-C722-FRONTIER-R10-D16-OUTER-B4-SCALAR-COST-ABORT	2026-09-03T02:13:16+02:00	ccfa357fa340c9e839406dcc8ac3b0bc95d76488e02f2e6679984eb0f1f44bc9	k=48;delta=361/50000;alpha1=103/400;eta1=97/400;alpha2=3211/12000;eta2=3031/12000;Bstart=13/125;Bplateau=83/500	fixed exact BV D16 inner coordinate plus one representative outer B4 label (0,(2,2))	Fraction exact scalar branch recurrence	NA	RESOURCE-ABORTED COST PROBE;no durable form;no quotient;old plateau superseded before target	>=1500	<524288	Session60464 interrupted at the predeclared 25-minute boundary; exit1 after Ctrl-C, no stdout, stage, or output artifact. Because the scalar source publishes only after all five contractions, the completed internal substage at interruption is unknowable and no partial form is claimed. Source/test SHAs ccfa357f/bdee0428 remain frozen. This concretely rejects this uncheckpointed scalar cost-probe representation; no target matrix launched. The old 83/500 and subsequent flat 3329/20000 candidates were superseded before launch by an analytically pending rising-tail schedule with active counts0..25.
BV-D14-GRID38-CUTOFF-CROSS-R12-UNSCALED-ABORT	2026-09-03T08:40:00+02:00	793288200c9d61f57924cb9f7b6a0913d6e8672b434f00397e17aad5247d0eb1	k=48;delta=1/60;alpha1=103/400;alpha2=9500917/36000000;eta=8960917/36000000;common-r=12	D19 exact inner crossed with naturally dilated D14 grid38 outer	Fraction exact global kernel and tagged radial recurrence	NA	RESOURCE-ABORTED DEVELOPMENT PROBE;NO SHARD;NO QUOTIENT	>=309	about99328	Kernel completed in12.10s with104902 collected terms; primitive families completed in117.43s with13486454 literal antiderivative expansions; reference radial r12 exceeded three further minutes and was interrupted. This unscaled coefficient path was retired in favor of exact common-denominator normalization; no partial scalar exists.
BV-D14-GRID38-CUTOFF-CROSS-R12-DYADIC512-ABORT	2026-09-03T08:51:00+02:00	UNFROZEN-DEVELOPMENT-SNAPSHOT-NOT-RECOVERABLE	k=48;delta=1/60;alpha1=103/400;alpha2=9500917/36000000;eta=8960917/36000000;common-r=12;Fscale=1e87;Hscale=1e38	D19 exact inner crossed with naturally dilated D14 grid38 outer	512-bit outward dyadic coefficients with exact Fraction geometry	NA	RESOURCE-ABORTED DEVELOPMENT PROBE;NO SHARD;NO QUOTIENT	>=257	103716	Scaled global kernel completed in10.348s; converting/building the three dyadic primitive families took246.487s, slower than scaled Fraction, after which radial evaluation was interrupted. The exact executed byte hash was not frozen before this cost probe and is explicitly unavailable; no result or sign is claimed.
BV-D14-GRID38-CUTOFF-CROSS-R0-V1-ABORT	2026-09-03T09:25:36+02:00	deceb6c6248fa97e65c9ce5a604081f3b05f0b7c838dea2f1d1c525a59bea905	k=48;delta=1/60;alpha1=103/400;alpha2=9500917/36000000;eta=8960917/36000000;common-r=0;Fscale=1e87;Hscale=1e38	strict exact D19 v2 inner crossed with naturally dilated D14 grid38 outer	Fraction exact pinned cutoff-aware v1 runner	NA	RESOURCE-ABORTED AT AGREED 25-MINUTE CAP;NO SHARD;NO QUOTIENT	1500	unknown-under-cap	Runner passed all source/LCM/dilation gates; kernel completed in8.636s and exact primitive families in88.671s. The uncheckpointed reference radial/integration stage then ran for more than23 minutes with no output and was interrupted by Ctrl-C at the agreed total cap, exit1. No output file or partial scalar exists. Pre-certificate hostile audit report SHAebcd39d.
BV-D14-GRID38-CUTOFF-CROSS-R0-FAST-V2	2026-09-03T09:34:50+02:00	4613b0fb117bf58c732e9bdeb22fa9d847a1152cc1bcac3b8b92f584231709d3	k=48;delta=1/60;alpha1=103/400;alpha2=9500917/36000000;eta=8960917/36000000;common-r=0;Fscale=1e87;Hscale=1e38	strict exact D19 v2 inner crossed with naturally dilated D14 grid38 outer	Fraction exact geometry;common-denominator integer radial accumulation;collected affine scalar moments	NA	EXACT COMMON-r SHARD PASS;STRUCTURAL RESULT AUDIT PASS;NOT A QUOTIENT	543.7258551011328	537396	Output SHA6594f8a5; exact recombination of all four high/low branches gives scaled_b_shard with exactly one factor48 and positive value. Family/radial denominator bits515/487, combined1002; integer radial44.857s and exact collected integration404.164s. Fast-v2 pre-certificate audit report SHA6d7326c; independent result checker SHA43a46b6a passed live closure/schema/branch/LCM checks. Full 13-shard sum remains pending.
BV-D14-GRID38-CUTOFF-CROSS-R12-FAST-V2-ABORT	2026-09-03T10:05:30+02:00	4613b0fb117bf58c732e9bdeb22fa9d847a1152cc1bcac3b8b92f584231709d3	k=48;delta=1/60;alpha1=103/400;alpha2=9500917/36000000;eta=8960917/36000000;common-r=12;Fscale=1e87;Hscale=1e38	strict exact D19 v2 inner crossed with naturally dilated D14 grid38 outer	Fraction exact geometry;late-filtered common-denominator integer radial accumulation	NA	RESOURCE-ABORTED AT AGREED 30-MINUTE CHECKPOINT;NO SHARD;NO QUOTIENT	1800	unknown-under-cap	Kernel completed in9.919s and primitive families in99.234s. The v2 radial backend constructs all small-coordinate inclusion-exclusion shifts before filtering to target h<=2; its uncheckpointed final stage exceeded28 minutes and was interrupted by Ctrl-C, exit1. No output file/partial scalar exists. This motivated separately audited early maximum-shift pruning in v3 report SHA0888d303.
BV-D14-GRID38-CUTOFF-CROSS-R12-PRUNED-V3-ABORT	2026-09-03T10:38:33+02:00	ce5236eaed52be549a316587e8c3c543a0b02b1594c14ba32f4c1a877fd9bb26	k=48;delta=1/60;alpha1=103/400;alpha2=9500917/36000000;eta=8960917/36000000;common-r=12;Fscale=1e87;Hscale=1e38	strict exact D19 v2 inner crossed with naturally dilated D14 grid38 outer	Fraction exact geometry;maximum-shift-pruned integer radial accumulation;collected-affine scalar moments	NA	RESOURCE-ABORTED ON ROOT-DIRECTED V5 PIVOT;NO SHARD;NO QUOTIENT	about1983	unknown-under-cap	Audited runner passed source/LCM/dilation gates; kernel completed in9.072s and primitive families in94.893s. The uncheckpointed exact radial/integration stage remained alive but silent through roughly31 further minutes and was interrupted cleanly by Ctrl-C after the separately audited global-product v5 path became available. Exit1; immutable final path was absent and no partial scalar exists. V3 pre-certificate audit report SHA0888d303.
BV-D14-GRID38-CUTOFF-CROSS-R12-COLLECTED-V5-ABORT	2026-09-03T11:13:04+02:00	eaa22454347d17201c60c30e1ed5ac01e34ba39368bc4711c1ea2c7f6d03ba82	k=48;delta=1/60;alpha1=103/400;alpha2=9500917/36000000;eta=8960917/36000000;common-r=12;Fscale=1e87;Hscale=1e38	strict exact D19 v2 inner crossed with naturally dilated D14 grid38 outer	Fraction exact geometry;maximum-shift-pruned radialization;globally collected integer scalar moments	NA	RESOURCE-ABORTED ON ROOT-AUTHORIZED FIXED-V6 PIVOT;NO SHARD;NO QUOTIENT	about2069	unknown-under-cap	Audited runner passed source/LCM/dilation gates; kernel completed in8.794s and primitive families in91.613s. The combined radial/integration stage remained alive but silent through roughly33 further minutes; after fixed-v6 received an independent scoped pre-certificate audit pass, this process was interrupted cleanly (exit130). The immutable final path was verified absent and no partial scalar exists. V5 source audit report SHA4c4aa1d8; target r0 exact replay had separately passed.
BV-D14-GRID38-CUTOFF-CROSS-R12-FIXED-V6-ABORT	2026-09-03T11:43:32+02:00	89c7c57aa439b0535bd17b85683dd1fd4ece2d1439e1b5d8bd9562c44eb57e17	k=48;delta=1/60;alpha1=103/400;alpha2=9500917/36000000;eta=8960917/36000000;common-r=12;Fscale=1e87;Hscale=1e38	strict exact D19 v2 inner crossed with naturally dilated D14 grid38 outer	fixed-denominator direct integer radialization;globally collected exact moment contraction	NA	RESOURCE-ABORTED AT ROOT-DIRECTED 30-MINUTE CAP;NO SHARD;NO QUOTIENT	about1827	unknown-under-cap	Audited runner passed source/LCM/dilation gates; kernel completed in9.229s and primitive families in86.879s. The uncheckpointed fixed radial/integration stage remained alive but silent through roughly28.5 further minutes and was interrupted cleanly (exit130) at the stated total cap after cached-v7 had its own scoped pre-certificate pass. The immutable final path was verified absent and no partial scalar exists. Fixed-v6 source audit independent tests SHA bcb7411a.
BV-D14-GRID38-CUTOFF-CROSS-R11-PRUNED-V3-ABORT	2026-09-03T10:38:00+02:00	ce5236eaed52be549a316587e8c3c543a0b02b1594c14ba32f4c1a877fd9bb26	k=48;delta=1/60;alpha1=103/400;alpha2=9500917/36000000;eta=8960917/36000000;common-r=11;Fscale=1e87;Hscale=1e38	strict exact D19 v2 inner crossed with naturally dilated D14 grid38 outer	Fraction exact geometry;maximum-shift-pruned integer radial accumulation;collected-affine scalar moments	NA	RESOURCE-ABORTED ON ROOT-DIRECTED V5 PIVOT;NO SHARD;NO QUOTIENT	unknown-under-35m-cap	unknown-under-cap	Runner passed source/LCM/dilation gates; kernel completed in9.202s and primitive families in92.793s. The uncheckpointed radial/integration stage was interrupted cleanly by SIGINT (exit130) when collected-v5 superseded it. The wrapping time trailer was not emitted; launch accounting remained below the then-frozen35-minute cap. The immutable final path was verified absent and no partial scalar exists. V3 pre-certificate audit report SHA0888d303.
BV-D14-GRID38-CUTOFF-CROSS-R11-COLLECTED-V5-ABORT	2026-09-03T11:13:32+02:00	eaa22454347d17201c60c30e1ed5ac01e34ba39368bc4711c1ea2c7f6d03ba82	k=48;delta=1/60;alpha1=103/400;alpha2=9500917/36000000;eta=8960917/36000000;common-r=11;Fscale=1e87;Hscale=1e38	strict exact D19 v2 inner crossed with naturally dilated D14 grid38 outer	Fraction exact geometry;maximum-shift-pruned radialization;globally collected integer scalar moments	NA	RESOURCE-ABORTED ON ROOT-AUTHORIZED FIXED-V6 PIVOT;NO SHARD;NO QUOTIENT	unknown-less-than-1618	unknown-under-cap	Audited runner passed source/LCM/dilation gates; kernel completed in8.853s and primitive families in89.867s. The combined radial/integration stage remained alive but silent until the fixed-v6 pivot; SIGINT returned exit1 with only the terminal ^C marker. The exact time trailer was not emitted; the1618s bound is from the preceding r0 publication at10:46:34 to the abort-ledger timestamp11:13:32, and the true r11 wall is smaller. The immutable final path was verified absent and no partial scalar exists. V5 target r0 had independently exact-matched fast-v2 before this launch.
BV-D14-GRID38-CUTOFF-CROSS-R11-FIXED-V6-ABORT	2026-09-03T11:47:59+02:00	89c7c57aa439b0535bd17b85683dd1fd4ece2d1439e1b5d8bd9562c44eb57e17	k=48;delta=1/60;alpha1=103/400;alpha2=9500917/36000000;eta=8960917/36000000;common-r=11;Fscale=1e87;Hscale=1e38	strict exact D19 v2 inner crossed with naturally dilated D14 grid38 outer	fixed-denominator direct integer radialization;globally collected exact moment contraction	NA	RESOURCE-ABORTED AFTER ROOT-DIRECTED 30-MINUTE CAP;NO SHARD;NO QUOTIENT	about2030	unknown-under-cap	Frozen runner passed source/LCM/dilation gates; kernel completed in8.744s and primitive families in88.855s. The fixed radial/integration stage remained alive and silent. Result-directory timestamp11:14:09 and stop confirmation11:47:59 establish about2030s total wall: the operator poll estimate omitted message/tool overhead and overshot the requested cap by about230s. The process was then interrupted cleanly (exit1; ^C only); immutable final path was verified absent and no partial scalar exists. No self-pivot or further shard was launched.
BV-D14-GRID38-CUTOFF-CROSS-R12-CACHED-V7-ABORT	2026-09-03T12:28:53+02:00	b427c6961c377cb79d5a72b54f8c2e8c7642b87d66d338f53b5dc56d98991984	k=48;delta=1/60;alpha1=103/400;alpha2=9500917/36000000;eta=8960917/36000000;common-r=12;Fscale=1e87;Hscale=1e38	strict exact D19 v2 inner crossed with naturally dilated D14 grid38 outer	cached fixed-denominator direct integer radialization;globally collected exact moment contraction	NA	RESOURCE-ABORTED AT ABSOLUTE 45-MINUTE CAP;NO SHARD;NO QUOTIENT	2700	unknown-under-cap	Audited cached-v7 runner passed recursive source/LCM/dilation and immutable-publisher gates; kernel completed in8.742s and primitive families in87.098s. The cached radial/integration stage remained alive and silent until the predeclared absolute deadline 2026-09-03T12:28:36+02:00 (start 11:43:36); it was interrupted immediately after the final deadline poll with SIGINT exit130. The immutable final path and result directory were verified empty, so no partial scalar or sign exists. Source audit report SHAba363e9f; pinned result checker SHA80ec3329 was not invoked because no result published. Full-direction r12 is now held/retired from the R<=9 contingency semantics.
BV-D14-GRID38-CUTOFF-CROSS-R11-CACHED-V7-ABORT	2026-09-03T12:21:22+02:00	b427c6961c377cb79d5a72b54f8c2e8c7642b87d66d338f53b5dc56d98991984	k=48;delta=1/60;alpha1=103/400;alpha2=9500917/36000000;eta=8960917/36000000;common-r=11;Fscale=1e87;Hscale=1e38	strict exact D19 v2 inner crossed with naturally dilated D14 grid38 outer	cached fixed-denominator radial integers;globally collected exact moment contraction	NA	RESOURCE-ABORTED AT OS-ENFORCED 30-MINUTE CAP;NO SHARD;NO QUOTIENT	1800.48	470608	Prelaunch timestamp marker2026-09-03T11:51:20.969532223+02:00; timeout began about one second later and exited124 after exactly30:00.48 wall. Kernel completed in8.869s and primitive families in84.997s; SIGINT traceback located the active work in exact polygon monomial Fraction multiplication/gcd. User1750.69s;system4.48s;97percent CPU;no swaps or file output. Immutable common_r_11.json absence was confirmed at2026-09-03T12:21:40.580361763+02:00; no partial scalar exists. Checker SHA80ec3329 was therefore not run on a nonexistent result.
FIXED-POLYGON-V8-R0-LAUNCH-SMOKE	2026-09-03T12:34:04+02:00	36a8e027c83cabb272aa28a5d542dc571793cbcf90c5ca48787bc20092a55b72	k=48;delta=1/60;alpha1=103/400;alpha2=9500917/36000000;eta=8960917/36000000;common-r=0;30s-cap	strict exact D19 v2 inner crossed with naturally dilated D14 grid38 outer	fixed-polygon-v8 diagnostic launch;exact arithmetic	NA	DIAGNOSTIC TIMEOUT;NO SHARD;NO QUOTIENT	30.001	unknown	Repaired runtime-module injection passed the former immediate PosixPath AttributeError, recursive source/LCM/dilation gates, and completed the exact kernel in11.843s. OS timeout interrupted primitive-family Fraction construction before the new polygon path; exit124, no output published. This is launch wiring evidence only, not an integration or certificate result.
FIXED-POLYGON-V8-ORIGINAL-RUNNER-REJECTION	2026-09-03T12:31:00+02:00	649c50273dce8de9dce04014eb602f41a3ed005ed2593f5b89f15ad3196d9e79	k=48;common-r=0;prelaunch hostile reproduction	strict exact D19 v2 inner crossed with naturally dilated D14 grid38 outer	exact fixed-polygon-v8 prelaunch invocation	NA	AUDIT FAIL;RUNNER UNLAUNCHABLE;NO SHARD;NO QUOTIENT	0.9	unknown	Independent smallest counterexample: the frozen runner assigned _polygon_monomial_batch to base.RADIAL, which is a PosixPath rather than the runtime radial module, and exited with AttributeError before build. Reproducer SHA2a53a1e7; failure report SHA6f84847a. This snapshot is permanently rejected and superseded by repaired runner SHA36a8e027.
FIXED-POLYGON-V8-DEGREE80-INDEPENDENT-AUDIT	2026-09-03T12:49:00+02:00	da0dab6479cd4c14767375ae7e78aa556b13d3cc6e1563a69f7daa0eb3ea1f81	k=48;r=1..12;804 target domain-shifts;438 exact polygons;max polygon moment degree80	fixed polygon core SHA4100a9ee versus pinned original Fraction oracle SHA1787e7b4	Fraction exact;normal and -O in disjoint private bytecode caches	NA	EXACT TARGET-DOMAIN ORACLE PASS;SCOPED PRE-CERT AUDIT;NO SHARD/QUOTIENT	209.376 normal;216.872 optimized	unknown	Every target polygon matched at eight exact sentinels including degree80 axes and mixed cases;all reduced denominators divide L^82*82!. Sixteen seeded orientations swept every total degree0..80 plus balanced(40,40). Dynamic fake build proved repaired runner SHA36a8e027 patches exactly the runtime radial module;29 recursive pins passed. Independent report SHA9c4d572d.
FIXED-POLYGON-V8-R8-DEGREE80-BATCH-COST	2026-09-03T12:53:00+02:00	4100a9eeb86563ae84bf02ed4df9a2a5b696b5cc9ff163d15ac482b242b637bb	k=48;common-r=8;low-Stotal;shift=3;five-vertex target polygon;666 translated-triangular moments through degree80	fixed target polygon moment batch only	Fraction exact integer-fixed denominator;old Fraction oracle timing comparison	NA	EXACT COST PROBE ONLY;OLD ORACLE RESOURCE-ABORTED;NO SHARD/QUOTIENT	59.0484 fixed;old oracle greater-than270	unknown	New core completed the full 666-moment batch. The original Fraction oracle on the identical batch remained unfinished after270s and was interrupted, so measured speedup is greater than4.57 on this hard batch; no incomplete old-oracle value or sign is used. Conservative r8 polygon-stage projection49m by charging every nonempty row the pentagon time; triangle-count projection about27m.
BV-D14-GRID38-CUTOFF-CROSS-R9-CACHED-V7-ABORT	2026-09-03T12:56:42.202372088+02:00	b427c6961c377cb79d5a72b54f8c2e8c7642b87d66d338f53b5dc56d98991984	k=48;delta=1/60;alpha1=103/400;alpha2=9500917/36000000;eta=8960917/36000000;common-r=9;Fscale=1e87;Hscale=1e38	strict exact D19 v2 inner crossed with naturally dilated D14 grid38 outer	cached fixed-denominator radial integers;globally collected exact moment contraction	NA	RESOURCE-ABORTED ON ROOT-AUTHORIZED FIXED-POLYGON-V8 PIVOT;NO SHARD;NO QUOTIENT	less-than-or-equal-to-2005.677529811	unavailable-after-PTY-interrupt	Prelaunch marker2026-09-03T12:23:16.524842277+02:00 and stop marker2026-09-03T12:56:42.202372088+02:00 bound wall by2005.677529811s; the Python process began slightly after the first marker. Kernel completed in8.077s and primitive families in86.047s; last known stage was exact polygon-moment Fraction contraction inside integer_radialize_and_collected_integrate. Root released independently audited repaired fixed-polygon-v8 and directed immediate pivot. PTY SIGINT returned exit1 with only ^C, so /usr/bin/time did not emit per-process RSS; this is recorded as unavailable rather than inferred. Immutable common_r_09.json was verified absent; no partial scalar exists.
GREEN-POLYGON-V9-R8-HARD-BATCH-COST	2026-09-03T13:07:00+02:00	5ae1adb3932d469919b6f5c83df7017732846da728cac19317ff1176cecbec56	k=48;common-r=8;low-Stotal;shift=3;five-vertex target polygon;666 moments x^(8+a)y^(37+b),a+b<=35;E=80	target mixed D19/D14 moment inventory	Green boundary exact integers;L^(E+2)((E+2)!)^2;normal and -O isolated	NA	EXACT COST/EQUALITY-CANDIDATE PROBE ONLY;NO SHARD/QUOTIENT	0.998330 normal;1.199960 optimized	unknown	Both modes produced identical exact-moment digest ca9b3fec5b0dccc20afbc8e0eb717e8fe00152287e9c4bf2311427dc13a163d8. This is 59.15x faster than fixed-triangle-v8's exact59.0484s hard-batch timing, but transitive independent equality/audit and a result checker are mandatory before any v9 target launch. Benchmark source SHA480f8c2e; v9 runner candidate SHA3aacfd20.
BV-D14-GRID38-CUTOFF-CROSS-R8-FIXED-POLYGON-V8	2026-09-03T13:14:00+02:00	36a8e027c83cabb272aa28a5d542dc571793cbcf90c5ca48787bc20092a55b72	k=48;delta=1/60;alpha1=103/400;alpha2=9500917/36000000;eta=8960917/36000000;common-r=8;Fscale=1e87;Hscale=1e38	strict exact D19 v2 inner crossed with naturally dilated D14 grid38 outer	cached fixed-denominator radial integers;fixed-denominator exact polygon moment batches;Fraction exact	NA	EXACT COMMON-r SHARD PASS;INDEPENDENT STRUCTURAL/RESULT CHECKER PASS NORMAL/-O;NOT AN AGGREGATE QUOTIENT	1046.608464	774816	Immutable result SHA ffbeb7f3cbc13c279a8c89b561d93af36fafed8d2442c90d22bb6c244e531631; exact scaled value positive with numerator/denominator bits2364/2477 (diagnostic9.62719969197490044e-35). Kernel7.835s,families82.464s,radial100.007s,fixed polygon integration855.659s. Checker ec0162 normal and -O/-B/-I private produced byte-identical audit SHA777497db; exact factor48 recombination,source closure,branch families,fixed denominator/cache relations all passed. Separate hostile result audit pending at ledger time.
BV-D14-GRID38-CUTOFF-CROSS-R9-FIXED-POLYGON-V8	2026-09-03T13:13:34+02:00	36a8e027c83cabb272aa28a5d542dc571793cbcf90c5ca48787bc20092a55b72	k=48;delta=1/60;alpha1=103/400;alpha2=9500917/36000000;eta=8960917/36000000;common-r=9;Fscale=1e87;Hscale=1e38	strict exact D19 v2 inner crossed with naturally dilated D14 grid38 outer	fixed-denominator/cached radial integers;fixed-polygon batch moments;globally collected exact contraction	NA	EXACT COMMON-r SHARD PASS;RESULT CHECKER PASS NORMAL/-O;NO AGGREGATE OR QUOTIENT	897.4780469150282 internal;897.85 wall	666460	Artifact SHAe9397f72; exact scaled b=8.0151344233243779198946208917843792806155093481576730627403870044362365805482604e-37 and unscaled b=8.0151344233243779198946208917843792806155093481576730627403870044362365805482604e-162. Kernel8.516s;families87.208s;cached radial82.998s;fixed-polygon collected integration717.709s. Checker SHAec0162a7 bound input SHA and recombined exactly; normal/-O audit outputs are byte-identical SHA86b8926e. Producer and both checkers ran with -B/-I and distinct mode700 empty private pycache directories; result SHA remained unchanged after audit. No next shard launched.
BV-D14-GRID38-CUTOFF-CROSS-R7-FIXED-POLYGON-V8	2026-09-03T13:33:00+02:00	36a8e027c83cabb272aa28a5d542dc571793cbcf90c5ca48787bc20092a55b72	k=48;delta=1/60;alpha1=103/400;alpha2=9500917/36000000;eta=8960917/36000000;common-r=7;Fscale=1e87;Hscale=1e38	strict exact D19 v2 inner crossed with naturally dilated D14 grid38 outer	cached fixed-denominator radial integers;fixed-denominator exact polygon moments;Fraction exact	NA	EXACT COMMON-r SHARD PASS;INDEPENDENT STRUCTURAL/RESULT CHECKER PASS NORMAL/-O;NOT AN AGGREGATE QUOTIENT	1074.899481	866100	Immutable result SHA8636441adc493afae16daaa81e60cd3bad5e1b63ce362391c7067e57fddece18; exact scaled value positive with numerator/denominator bits2372/2480 (diagnostic3.90694776895534640e-33). Kernel7.526s,families83.453s,radial104.808s,fixed polygon integration878.527s. Checker ec0162 normal and -O/-B/-I private produced byte-identical audit SHA951414e9; exact factor48 recombination,source closure,active families,fixed denominator/cache relations passed. Separate hostile result audit pending at ledger time.
BV-D14-GRID38-CUTOFF-CROSS-R9-GREEN-V9-REPLAY	2026-09-03T13:42:00+02:00	ad38951dadecdb5a5c51d1221b0a078bc9f804e9c4ec8d434706fca55a11935a	k=48;delta=1/60;alpha1=103/400;alpha2=9500917/36000000;eta=8960917/36000000;common-r=9;Fscale=1e87;Hscale=1e38;referenceSHAe9397f72	strict exact D19 v2 inner crossed with naturally dilated D14 grid38 outer	cached fixed radial integers;Green-boundary fixed-denominator exact polygon moments;Fraction exact	NA	EXACT COMMON-r CROSS-ENGINE REPLAY PASS;CHECKER NORMAL/-O BYTE-IDENTICAL;NOT AN AGGREGATE QUOTIENT	444.808630	666904	Immutable Green result SHAb6cb9eb5ccbb5d9ef73fc6637481efb5bf020846316487357a097272aaf56853. Dedicated checker SHA7dbb3520 with fixed-v8 r9 reference SHAe9397f72 passed normal and -O/-B/-I distinct private caches; audit bytes identical SHA45705683 and reference_exact_fields_bit_equal=true for scaled_b,kernel,family,geometry,candidate,scaling plus high/low/high_stats/low_stats/integer_radialization. Kernel9.202s,families87.715s,radial80.118s,Green integration267.022s; exact positive shard equals v8 (~8.01513442332437792e-37). Separate hostile result audit pending at ledger time.
